filename,nominal_bpm,sampling_frequency_hz,expected_beats,inverted,beat_times_s,note
ecg_patient_001.csv,72,250,14,False,0.700000;1.533333;2.366667;3.200000;4.033333;4.866667;5.700000;6.533333;7.366667;8.200000;9.033333;9.866667;10.700000;11.533333,Synthetic educational recording; not patient data.
ecg_patient_002.csv,88,250,17,False,0.700000;1.381818;2.063636;2.745455;3.427273;4.109091;4.790909;5.472727;6.154545;6.836364;7.518182;8.200000;8.881818;9.563636;10.245455;10.927273;11.609091,Synthetic educational recording; not patient data.
ecg_patient_003.csv,76,360,14,False,0.700000;1.515541;2.262807;3.024779;3.699278;4.464494;5.257287;6.119358;6.885479;7.771790;8.632253;9.448137;10.257898;11.007128,Synthetic educational recording; not patient data.
ecg_patient_004.csv,118,250,22,False,0.700000;1.224319;1.728030;2.226678;2.738063;3.218308;3.746228;4.265796;4.760917;5.259295;5.745857;6.245998;6.768154;7.317122;7.818856;8.315656;8.845086;9.319424;9.811978;10.304527;10.821398;11.338033,Synthetic educational recording; not patient data.
ecg_patient_005.csv,50,250,11,False,0.700000;1.883008;3.061791;4.228506;5.435863;6.674912;7.852038;9.073269;10.256884;11.451383;12.640112,Synthetic educational recording; not patient data.
ecg_patient_006.csv,70,500,13,False,0.700000;1.577020;2.375289;3.300030;4.115563;4.983443;5.745242;6.665007;7.516455;8.524842;9.411151;10.287621;11.181425,Synthetic educational recording; not patient data.
ecg_patient_007.csv,82,250,15,False,0.700000;1.392400;2.122487;2.831826;3.557962;4.293345;5.018101;5.712005;6.437151;7.276341;8.117909;8.892248;9.644018;10.341950;11.120821,Synthetic educational recording; not patient data.
ecg_patient_008.csv,68,300,13,True,0.700000;1.573778;2.449891;3.372658;4.272892;5.179265;6.020119;6.868773;7.680200;8.515937;9.447440;10.333941;11.253513,Synthetic educational recording; not patient data.
ecg_patient_009.xlsx,74,250,14,False,0.700000;1.526588;2.337508;3.147937;3.958949;4.774759;5.588662;6.386758;7.209057;8.018696;8.838198;9.630927;10.446393;11.249233,Synthetic educational recording; not patient data.
ecg_patient_010.xlsx,96,400,18,False,0.700000;1.391389;2.036157;2.673601;3.316201;3.948931;4.582265;5.223300;5.830716;6.422549;6.997721;7.510525;8.199996;8.836440;9.412897;10.051054;10.632005;11.293898,Synthetic educational recording; not patient data.
