Time,Voltage
0.0,-0.000764397314910637
0.004,-0.1685847890175551
0.008,0.024844966561207108
0.012,0.108702658067258
0.016,0.07947649547745994
0.02,0.08972818565789617
0.024,-0.049229130737913136
0.028,-0.09515024166203408
0.032,-0.02697972740827924
0.036000000000000004,-0.1194872000430845
0.04,0.041713439305249046
0.044,-0.056527006209931535
0.048,0.15390655290291622
0.052000000000000005,0.10432603347908169
0.056,0.11467823789491322
0.06,-0.011716823455123293
0.064,0.0771586678001321
0.068,0.08075058618008077
0.07200000000000001,0.00756221070142549
0.076,-0.1545509635720053
0.08,-0.09747677336426482
0.084,0.1683924268063821
0.088,0.04615846088289309
0.092,-0.04134008788976873
0.096,-0.0279019113076017
0.1,0.014328710653255652
0.10400000000000001,0.1571436399366472
0.108,0.07119351476011962
0.112,0.07265084872289991
0.116,0.12368670863347549
0.12,0.05794698441606456
0.124,0.12089300516262294
0.128,-0.03804992153991114
0.132,0.10493457039497692
0.136,0.09282756782972185
0.14,0.1493041176198443
0.14400000000000002,-0.019078111925165918
0.148,-0.10775848613004191
0.152,0.10968129027758527
0.156,0.12732870745975178
0.16,0.08597309346178895
0.164,0.0661430005366237
0.168,0.1069885104812799
0.17200000000000001,0.024777072086186406
0.176,-0.036267020833166866
0.18,-0.19521452518783108
0.184,0.07767657706465476
0.188,-0.01024477053965369
0.192,-0.055492133675858965
0.196,0.010684392162253678
0.2,-0.0018903640504565125
0.20400000000000001,-0.06539423197993068
0.20800000000000002,-0.04259825187997062
0.212,-0.12227318915958574
0.216,-0.0409334757830661
0.22,0.13114976190069288
0.224,0.004900286070877148
0.228,0.04930188319126565
0.232,0.032139625481667676
0.23600000000000002,0.08929112502134995
0.24,0.06154588215072003
0.244,0.06305351293537326
0.248,-0.057674730502208615
0.252,0.0687072160438756
0.256,0.17629265167651212
0.26,0.15447417759462106
0.264,-0.06612174621811404
0.268,0.12816065186037226
0.272,0.025985578928124198
0.276,0.09880031162664062
0.28,-0.054606150367310924
0.28400000000000003,0.13238362600017636
0.28800000000000003,0.018397727561268347
0.292,0.06363231853652243
0.296,-0.004058445469785777
0.3,0.11820767669478532
0.304,0.008154585182304934
0.308,0.06064298553687473
0.312,0.05116764706794649
0.316,0.05463632758725433
0.32,0.18667657781749913
0.324,0.08634265235861124
0.328,-0.04349548439459802
0.332,0.18535166939117498
0.336,0.07307559689046167
0.34,-0.07662516360651873
0.34400000000000003,-0.07288847560905112
0.34800000000000003,-0.05788072386431082
0.352,0.047288845574873756
0.356,0.22441780650016055
0.36,-0.08704413125393606
0.364,-0.04221110482945118
0.368,0.14861687218118033
0.372,-0.014765661905988672
0.376,-0.09115836124767923
0.38,0.08945496227066568
0.384,0.0718483492134103
0.388,-0.01852739733503328
0.392,0.20101630600726075
0.396,0.17984052861102862
0.4,0.2432380533553165
0.404,0.10408341225318668
0.40800000000000003,0.07312746843109263
0.41200000000000003,-0.01202559114830308
0.41600000000000004,0.30844324984648747
0.42,0.08845242937896756
0.424,-0.012341021469156707
0.428,0.05649626810296055
0.432,0.019292188500510614
0.436,0.3241507416887148
0.44,-0.0029142388456311896
0.444,-0.006582777260827712
0.448,0.10192785555769046
0.452,0.21970204411563898
0.456,0.18062121039922113
0.46,0.1742088469150989
0.464,0.030222742373390166
0.468,-0.019818720318261762
0.47200000000000003,0.19300057221348305
0.47600000000000003,0.2374016880652835
0.48,-0.01815149511019587
0.484,0.10661824757335446
0.488,0.06156506613005473
0.492,0.1344582196381458
0.496,-0.07260609003250325
0.5,0.1430991234719028
0.504,0.09478237993426565
0.508,0.06773879713162659
0.512,0.14778612729560428
0.516,0.0392960602282067
0.52,0.2521492052973208
0.524,0.19541428785071568
0.528,0.13488662742516674
0.532,0.22674229308932578
0.536,0.15481495637503093
0.54,0.1591903496488939
0.544,0.15029741136788605
0.548,0.05421646584647456
0.552,0.28049079242856007
0.556,0.175225196650432
0.56,-0.038488868904757806
0.5640000000000001,0.06987793692734645
0.5680000000000001,0.19156227924153585
0.5720000000000001,0.11285859825955045
0.5760000000000001,0.217027836901327
0.58,0.07973911856734182
0.584,0.04876400006116077
0.588,0.008196167546067487
0.592,0.014236355498588565
0.596,0.19523433203935525
0.6,0.14646427822967437
0.604,0.021631356452693207
0.608,0.020818876548840376
0.612,0.16003176440016081
0.616,0.05781739366068288
0.62,0.23774344920119173
0.624,0.21849938952277054
0.628,0.10151480118243456
0.632,0.0282011990796628
0.636,0.004429121451667184
0.64,-0.007209869782485251
0.644,0.047529736371038786
0.648,0.23293315392462532
0.652,0.13682219647687527
0.656,0.14423928331032293
0.66,0.17053570706550245
0.664,0.24690563440668348
0.668,-0.051482184478152254
0.672,0.07949521998285819
0.676,0.0853022477401282
0.68,0.18881458781522995
0.684,0.394752980336883
0.6880000000000001,0.5618319835502169
0.6920000000000001,0.9332302447973451
0.6960000000000001,1.0924632133758185
0.7000000000000001,0.9961714066783895
0.704,1.0371710852771754
0.708,0.8806739461198336
0.712,0.5346818536670225
0.716,0.445651817481996
0.72,0.05950719401549601
0.724,0.019686468856322158
0.728,-0.08298168797237256
0.732,-0.27155266055606786
0.736,-0.06116806517818867
0.74,-0.07441698593219133
0.744,0.08549288497421349
0.748,0.08315045248283705
0.752,0.16795158150737197
0.756,-0.0021688866053205663
0.76,0.03727443348602241
0.764,-0.02014679261168853
0.768,0.04181858211387926
0.772,0.23437898333737217
0.776,0.16399880678705714
0.78,0.08379804951272568
0.784,-0.11901369020629947
0.788,0.06816109377335589
0.792,0.23474912229247702
0.796,-0.0018221085072622212
0.8,0.11310978820372668
0.804,0.16653368349656467
0.808,0.08462929373148205
0.812,-0.0032618860994661214
0.8160000000000001,0.20676536945396978
0.8200000000000001,-0.003729745443001531
0.8240000000000001,0.1047203200640779
0.8280000000000001,-0.0012633127948131068
0.8320000000000001,0.0684120388744382
0.836,0.22305951166337018
0.84,0.10728886919739672
0.844,-0.032227216897591934
0.848,-0.18362435245167869
0.852,0.1813921379855194
0.856,0.26741305366700163
0.86,0.24166993399321415
0.864,-0.009917992006407361
0.868,0.16252765803138317
0.872,0.16354877536680257
0.876,-0.0023695815210459936
0.88,-0.054243513215575745
0.884,0.06633668812966252
0.888,0.05458018786920901
0.892,0.17735613927667904
0.896,0.2715070958722875
0.9,0.2584877960186398
0.904,0.252331345343909
0.908,0.21842254362890762
0.912,0.25430584944659335
0.916,0.3192792175402265
0.92,0.3111882208238904
0.924,0.29795769174915493
0.928,0.32892828603196506
0.932,0.2902528377187925
0.936,0.1841731296980256
0.9400000000000001,0.35321883866884624
0.9440000000000001,0.2089245963764121
0.9480000000000001,0.370197104526264
0.9520000000000001,0.2546850919889861
0.9560000000000001,0.2934688078305915
0.96,0.35562721830870514
0.964,0.31151092025234123
0.968,0.48157048018683085
0.972,0.3486968095870489
0.976,0.19293272879171247
0.98,0.5101226553379362
0.984,0.465898971050024
0.988,0.3068005599743095
0.992,0.156586868946543
0.996,0.24290297799601757
1.0,0.35348989892915933
1.004,0.1747813615603046
1.008,0.27049218184887697
1.012,0.24799004626498541
1.016,0.12504056745500164
1.02,0.2900661683378993
1.024,0.0816313906438435
1.028,0.2895471523139528
1.032,0.041075728231868364
1.036,0.0315886621406779
1.04,0.08392716692465425
1.044,0.16509319332375172
1.048,0.10984336038444614
1.052,0.2572965780948311
1.056,0.11434034934059964
1.06,0.1489152657480603
1.064,0.054888277304904295
1.068,0.1417506144445951
1.072,0.13909715613489126
1.076,-0.02214644092618416
1.08,0.2268508687942894
1.084,0.17973930899159876
1.088,0.19567426136142868
1.092,0.23943864251714586
1.096,0.12853877426678975
1.1,0.1199518840624882
1.104,0.17973211314699908
1.108,0.024293758063040197
1.112,0.07452185803274589
1.116,0.09519846892823222
1.12,0.19232165319351152
1.124,0.14302505847511074
1.1280000000000001,-0.00014761103882907078
1.1320000000000001,0.03920972904161328
1.1360000000000001,0.09553261574331184
1.1400000000000001,0.060118683958435906
1.1440000000000001,0.044198447722840685
1.1480000000000001,0.1990168450641775
1.1520000000000001,0.056002175599917686
1.156,0.27376965298018163
1.16,-0.0125499135657869
1.164,0.29050239753162443
1.168,0.13156856707095102
1.172,0.1595677341834554
1.176,-0.01438382329291693
1.18,0.058692523313726305
1.184,0.13252147320516744
1.188,0.09801959900495034
1.192,0.13040902782835884
1.196,0.17562007002955501
1.2,0.14259459752705117
1.204,0.11738400768872441
1.208,0.26987019523197225
1.212,0.17763957474140782
1.216,0.2175841206682012
1.22,0.0964208890261134
1.224,0.13718801647064494
1.228,0.20495728782259778
1.232,0.10791019752969627
1.236,-0.013653877140301862
1.24,0.16977835302215935
1.244,0.24936770316567214
1.248,0.17265075487448797
1.252,0.055015993224553014
1.256,0.28892921985727926
1.26,-0.050075760474386444
1.264,-0.015163158417462977
1.268,0.08390310321562516
1.272,0.17380106106589563
1.276,0.10925545713573885
1.28,0.11301732027797295
1.284,0.12391372034981168
1.288,0.1248604095655335
1.292,0.15648396784186963
1.296,0.1899602285819722
1.3,0.1956037393046572
1.304,0.10062871871224957
1.308,0.11339466845363319
1.312,0.1949229042138081
1.316,0.04472656421843604
1.32,0.12409066580124366
1.324,0.24531946693007659
1.328,0.16291906635396805
1.332,0.09983642364292238
1.336,0.15471258470255173
1.34,0.0748050075590591
1.344,0.2957775593325023
1.348,0.1901983366291029
1.352,0.2267766859010776
1.356,0.0030109744324420262
1.36,0.08652402432816955
1.364,-0.029702552047492434
1.368,0.04015969761435163
1.372,0.052598923989385066
1.3760000000000001,0.22865080057562276
1.3800000000000001,0.5730265168018264
1.3840000000000001,0.9313563182563629
1.3880000000000001,0.9922887026640568
1.3920000000000001,1.0079242933978703
1.3960000000000001,1.0715546261566842
1.4000000000000001,0.8826889889840303
1.4040000000000001,0.6121636624270221
1.408,0.3245507633295906
1.412,0.14315900477946733
1.416,-0.19862301283118075
1.42,-0.004304394831069244
1.424,-0.1148253853130716
1.428,-0.05591023759908715
1.432,-0.06989497753197309
1.436,-0.10364278305572097
1.44,0.07920732220552383
1.444,0.11009998581852823
1.448,0.01825843007208819
1.452,0.09248631000732394
1.456,0.02209578675711743
1.46,0.035843361485229694
1.464,0.018989113679330427
1.468,0.09161912796450336
1.472,0.0552865906921481
1.476,0.23934007583963768
1.48,0.023557992488919488
1.484,0.028208794566730477
1.488,0.21649387831140757
1.492,0.1524829784885797
1.496,0.14299985070149931
1.5,0.2096649919522402
1.504,0.11624377185391369
1.508,0.04774467325599586
1.512,0.08442143485698249
1.516,0.06903822258470318
1.52,0.06218393936668322
1.524,-0.04856033499308722
1.528,0.22370128695856814
1.532,0.015264303704818877
1.536,0.23363291209429893
1.54,0.0801369687658135
1.544,0.13133439035970657
1.548,0.14430540812434955
1.552,0.18928169711771048
1.556,0.28687077909898606
1.56,0.29992247300451286
1.564,0.21249344744041831
1.568,0.023759531277389
1.572,0.09082431013438237
1.576,0.29910619332074095
1.58,0.09916963608807719
1.584,0.1264149823143969
1.588,0.18278499546908522
1.592,0.0847294558026837
1.596,0.18959226852842914
1.6,0.2754020737386867
1.604,0.10862530392952535
1.608,0.2993037440703699
1.612,0.2298822341497133
1.616,0.24944308950643332
1.62,0.29441215346568556
1.624,0.33884028109058306
1.6280000000000001,0.1926352532103211
1.6320000000000001,0.32854147371084474
1.6360000000000001,0.33011709757000407
1.6400000000000001,0.288982419310178
1.6440000000000001,0.19094920473276608
1.6480000000000001,0.27259698435038826
1.6520000000000001,0.2900958673030558
1.6560000000000001,0.33219389236540936
1.6600000000000001,0.34270537905659487
1.6640000000000001,0.4003681552870838
1.668,0.3095723324092353
1.672,0.3996678275728833
1.676,0.3017858281456875
1.68,0.2722523748415051
1.684,0.3725677924055243
1.688,0.29581261849253404
1.692,0.3053971545209372
1.696,0.3710558527490887
1.7,0.2724274585593839
1.704,0.16449310779807808
1.708,0.2664040173180768
1.712,0.09914229122493895
1.716,0.0401968306149062
1.72,0.2712422262229228
1.724,0.2527229654501505
1.728,0.0713119726882879
1.732,0.0728164252198924
1.736,0.2952869109081095
1.74,0.09954387643611519
1.744,0.023077446723541686
1.748,0.15462154045163104
1.752,0.11493563513637206
1.756,0.12192371877654636
1.76,0.18765338776217697
1.764,0.16764674158789833
1.768,-0.00939787017081381
1.772,0.12378441461316017
1.776,-0.02998728936280079
1.78,0.12221053482793054
1.784,0.13098646909669193
1.788,0.022702018082959255
1.792,0.18493223072953568
1.796,0.1640659613282982
1.8,0.2330939100956645
1.804,0.06073437031484413
1.808,0.16131674863634454
1.812,0.09509439675957428
1.816,0.10371176527544729
1.82,0.06608424683430643
1.824,0.10436419621282507
1.828,0.15512420487863868
1.832,0.12500890563284212
1.836,0.17860182418682363
1.84,0.07933417759897998
1.844,-0.00936984171231272
1.848,0.1522526545643333
1.852,0.00045609085395537097
1.856,0.103496782132448
1.86,-0.07580935085378462
1.864,0.08701075924469164
1.868,-0.012384246609190769
1.872,0.2034403419954847
1.8760000000000001,0.020586072607731383
1.8800000000000001,0.06978645032045756
1.8840000000000001,0.20986683946038254
1.8880000000000001,0.04450131074305374
1.8920000000000001,0.041709201231674736
1.8960000000000001,-0.033105541241976094
1.9000000000000001,0.12995619259063293
1.9040000000000001,0.047632381306605506
1.9080000000000001,0.06958427007445686
1.9120000000000001,0.09575591144894138
1.9160000000000001,0.0883115468332727
1.92,0.1798253186890051
1.924,0.1054660982182872
1.928,0.09630776518336961
1.932,0.1620142986560865
1.936,0.09757174305394432
1.94,0.1442047113265325
1.944,0.303552982034757
1.948,0.187968476496992
1.952,0.2247876606344449
1.956,0.12142055075264004
1.96,0.12742509285406578
1.964,-0.0021757644304111062
1.968,0.060118929180552866
1.972,0.186218659212104
1.976,-0.0005464703479867161
1.98,-0.03529625310237337
1.984,0.03118633946289287
1.988,0.0792692446430505
1.992,0.04372326637514551
1.996,-0.022066362398172064
2.0,0.2077146234012639
2.004,0.06310937378286423
2.008,0.039656811236821764
2.012,-0.17425454208263397
2.016,-0.15936363025826045
2.02,0.12537890226218157
2.024,-0.024781889640674126
2.028,-0.06068626130687539
2.032,0.057459068602218596
2.036,0.11830817431156415
2.04,0.0042376998363961305
2.044,0.016207990668392874
2.048,-0.13115713834323917
2.052,0.017683162972088363
2.056,0.09374641692942204
2.06,-0.0023724476928015693
2.064,0.10548239070787209
2.068,0.013875408118770416
2.072,-0.005664502947985706
2.076,0.1304080844354323
2.08,-0.090511053157746
2.084,0.08056636419737712
2.088,-0.11141772906052558
2.092,-0.06904728947907066
2.096,-0.2468592202391433
2.1,-0.033391050139888835
2.104,0.1920778932122334
2.108,0.3814514706496039
2.112,0.6199013344553592
2.116,0.6144740441398063
2.12,0.8391679520305678
2.124,1.109660482562059
2.128,0.9529080420499508
2.132,0.5408176711518596
2.136,0.3285513413961638
2.14,0.1438666079655758
2.144,-0.09246023320472295
2.148,-0.028187441399313742
2.152,-0.27206693491639367
2.156,-0.2619615119060812
2.16,-0.09912336028349182
2.164,0.01936095259454418
2.168,0.0456639545879138
2.172,0.033061999121605956
2.176,0.1431370483974101
2.18,-0.0758815811152937
2.184,-0.007966199672026442
2.188,0.031729766150892735
2.192,-0.007849288129568172
2.196,0.034689088928572726
2.2,-0.09741890615459742
2.204,0.01242519593359814
2.208,0.2337411069511167
2.212,-0.04074928970944579
2.216,0.07923277708142054
2.22,-0.0030354767224534465
2.224,0.0515642261334561
2.228,-0.004245238668128982
2.232,0.08636069910679701
2.236,0.04101931568984153
2.24,0.07847903102293195
2.244,-0.0367159313377568
2.248,-0.08848319745752585
2.2520000000000002,0.2641702495900191
2.2560000000000002,0.06337036235026305
2.2600000000000002,0.20284307137217567
2.2640000000000002,0.157408518977431
2.2680000000000002,0.0914508201012639
2.2720000000000002,0.04850391116698216
2.2760000000000002,0.15253074650452578
2.2800000000000002,-0.15181352110424534
2.2840000000000003,0.002756780021541231
2.2880000000000003,0.06673450541248376
2.2920000000000003,0.05464464957248635
2.2960000000000003,-0.03396439338287563
2.3000000000000003,-0.08954740544358902
2.3040000000000003,0.10269643489349736
2.308,-0.04466953451003984
2.312,0.1310048395633544
2.316,0.31265912718570277
2.32,0.0761735463148818
2.324,0.07799083964995072
2.328,0.008281753421052016
2.332,-0.003165956152719293
2.336,0.13349809984144706
2.34,0.30206321923758966
2.344,0.16948311072425143
2.348,0.177331925294494
2.352,0.12981564564361397
2.356,0.21049859817383001
2.36,0.30823390432165243
2.364,0.24474188111143372
2.368,0.18324798459881425
2.372,0.2795267288249261
2.376,0.17078632827671203
2.38,0.20757946348238876
2.384,0.285814252416803
2.388,0.21259714923845308
2.392,0.2364295746502603
2.396,0.24760593874741718
2.4,0.10167293405323731
2.404,0.23970889407601215
2.408,0.06101118611430152
2.412,0.11140678485972072
2.416,0.26115773978813994
2.42,0.013064261388867071
2.424,0.039312384797716496
2.428,0.1944689216229588
2.432,0.21472607780180242
2.436,0.18087481180862755
2.44,0.17714702630720014
2.444,0.10923622813668571
2.448,0.040934488828855635
2.452,0.06380412884766484
2.456,-0.041141747181002566
2.46,0.1088367068238284
2.464,0.060016238335452554
2.468,0.20689856401744047
2.472,-0.01745754865494303
2.476,-0.0836714786764882
2.48,0.0568329200716747
2.484,-0.14460474673203205
2.488,0.12000190581077581
2.492,0.03629033458385501
2.496,-0.25948220528354443
2.5,0.03996609065609561
2.504,0.026450243768065575
2.508,-0.11297748837703625
2.512,0.14276738359041957
2.516,0.09542276201222509
2.52,-0.09598444479870019
2.524,-0.04574919680519545
2.528,-0.14622415811914452
2.532,-0.02285103712048074
2.536,-0.0016068927755603472
2.54,0.05361334067822776
2.544,-0.10151576334286538
2.548,0.06741347127110328
2.552,-0.04158019351127344
2.556,-0.19475177324864812
2.56,0.10164881803455603
2.564,0.021769140944195478
2.568,0.027651960745069953
2.572,-0.13813912630241704
2.576,-0.2035278036457688
2.58,-0.25292557033089064
2.584,0.010964539920764696
2.588,0.061583836805475994
2.592,-0.015598015649293244
2.596,-0.11298103076834731
2.6,0.012716548272563709
2.604,0.08912664074665046
2.608,-0.09996489917616233
2.612,-0.008153663216827381
2.616,0.024788699715019707
2.62,-0.04893348757030717
2.624,-0.28388643575377814
2.628,-0.1954575679887056
2.632,0.03861354356794992
2.636,0.036097269541056916
2.64,0.005167784445289297
2.644,0.045221443471976666
2.648,0.06249249214085183
2.652,-0.022649753889301287
2.656,0.11327904246218176
2.66,-0.07445671960745934
2.664,-0.013380123351154516
2.668,-0.14869748297134375
2.672,0.044645028185929116
2.676,-0.019114481224440472
2.68,0.046543219560289076
2.684,0.017909191577527676
2.688,0.00910770974268283
2.692,-0.14426812691180352
2.696,0.05074971250367617
2.7,-0.19676694407393505
2.704,-0.1487760209212612
2.708,-0.07378642785471229
2.712,-0.08702320047624316
2.716,-0.02499606448227132
2.72,-0.18954691695876222
2.724,-0.2565095008629199
2.728,-0.09987560362833287
2.732,0.11239787908084417
2.736,-0.07150942840379178
2.74,-0.028073240689440754
2.744,-0.06119440468591307
2.748,-0.056880552890057334
2.7520000000000002,-0.09299525428766661
2.7560000000000002,-0.05288569495811216
2.7600000000000002,0.11100673994693926
2.7640000000000002,-0.16081521414468303
2.7680000000000002,-0.22998490728075205
2.7720000000000002,0.0011135224468665703
2.7760000000000002,-0.10192396676861418
2.7800000000000002,-0.16161626462678821
2.7840000000000003,-0.08084857573758955
2.7880000000000003,-0.16017477766567192
2.7920000000000003,-0.035353977278485674
2.7960000000000003,0.08643411295140171
2.8000000000000003,-0.19476525919632376
2.8040000000000003,-0.12411364980282989
2.8080000000000003,-0.15348185319068813
2.8120000000000003,0.16489347104038576
2.816,0.16754983344181987
2.82,0.5311550695485352
2.824,0.6790454110556104
2.828,0.7484895846645168
2.832,0.9073934781177447
2.836,0.9443289374818731
2.84,0.620706204520978
2.844,0.24808899776892107
2.848,0.2192636998324285
2.852,0.09453542277366012
2.856,-0.19361899912515299
2.86,-0.37137656798876384
2.864,-0.2737378843898036
2.868,-0.20033176152105905
2.872,-0.16215467643667902
2.876,-0.17492696547844866
2.88,-0.12985034879798207
2.884,-0.020384959910385594
2.888,-0.16774839661122998
2.892,-0.05768240145874145
2.896,-0.07454644143661589
2.9,-0.1853538635816242
2.904,-0.05921165106735746
2.908,-0.18301563648978095
2.912,-0.22751682811727184
2.916,-0.0012521276578209145
2.92,-0.08509108500505261
2.924,-0.05071568215949733
2.928,0.01526764251997316
2.932,-0.06494402285678513
2.936,-0.1296308187212698
2.94,-0.009419989690385183
2.944,-0.23088919612120204
2.948,-0.16891576206995274
2.952,-0.07082569070903459
2.956,-0.1787752534347095
2.96,-0.0040308400155500135
2.964,-0.17620126207799586
2.968,-0.210476461273491
2.972,-0.1022354731810277
2.976,-0.09894594509792685
2.98,-0.19623185622467904
2.984,-0.07396522049670368
2.988,-0.04685974066376872
2.992,0.060636166635028216
2.996,-0.0477582356843575
3.0,-0.12437398013990728
3.004,-0.16491384866295147
3.008,0.10598816088276647
3.012,-0.14500040820906068
3.016,-0.22328443987987764
3.02,-0.12003456803802433
3.024,-0.09742320833042438
3.028,-0.004256692727860941
3.032,-0.019670293418516102
3.036,-0.06690952456058373
3.04,0.0050778820868895985
3.044,0.16275097061389787
3.048,0.09807375796533645
3.052,-0.03946669050286894
3.056,0.2264964398105183
3.06,0.05765521116294909
3.064,-0.08071307433736902
3.068,0.20460410561782766
3.072,0.14452980260113982
3.076,0.07569624851517204
3.08,0.24057069346559748
3.084,0.22921759472782918
3.088,0.21583238727736953
3.092,0.2214005685958934
3.096,0.0854572112561455
3.1,0.24410055065837294
3.104,-0.028302494449926774
3.108,0.2085331755039294
3.112,0.1346576062586011
3.116,0.02943698505810194
3.12,0.1481954631802846
3.124,0.06710394640573432
3.128,0.03424511404462349
3.132,0.1212263321277366
3.136,-0.020276653995361812
3.14,0.017152965117373225
3.144,-0.047549948799088707
3.148,-0.21450878553901595
3.152,0.04787698314991538
3.156,-0.004840252819913202
3.16,-0.007801855089312609
3.164,-0.15537108193917473
3.168,-0.2606509356511894
3.172,-0.2793945972067572
3.176,-0.050210808454680775
3.18,-0.055913304027183204
3.184,-0.18049504814067185
3.188,-0.11746938972592821
3.192,-0.11846356921342399
3.196,-0.25672923819218607
3.2,-0.024855202410422855
3.204,-0.14493037991076937
3.208,0.05248253828906499
3.212,-0.1303020111550991
3.216,-0.1138343108809887
3.22,-0.14862381368144298
3.224,-0.09675296559770567
3.228,-0.04733980814574318
3.232,-0.24574963938114652
3.236,-0.1901690108688158
3.24,-0.06632232090833062
3.244,-0.1890663192148663
3.248,-0.1623308375096207
3.2520000000000002,-0.22267957117395631
3.2560000000000002,0.09563364284209223
3.2600000000000002,-0.055939972548211064
3.2640000000000002,-0.31526017312004606
3.2680000000000002,0.0045686326163349306
3.2720000000000002,-0.21791008084124625
3.2760000000000002,-0.15949423048969805
3.2800000000000002,-0.33924503430651937
3.2840000000000003,-0.16140985673580777
3.2880000000000003,-0.20699193314488668
3.2920000000000003,-0.10391981167721885
3.2960000000000003,-0.04755064173527129
3.3000000000000003,-0.21882309673620487
3.3040000000000003,0.008519211709835883
3.3080000000000003,-0.11669679373551231
3.3120000000000003,-0.10629366179911386
3.3160000000000003,-0.14024617661901717
3.3200000000000003,-0.1721853499010326
3.3240000000000003,0.016923975757589416
3.3280000000000003,-0.1564174913696788
3.332,-0.17605846696078284
3.336,-0.07009652482982176
3.34,-0.1289016930782827
3.344,-0.11840449336559247
3.348,-0.184772282817666
3.352,-0.10965879906282307
3.356,-0.11594091717170511
3.36,0.00067376805523027
3.364,0.008925197981840507
3.368,0.17417729762337764
3.372,-0.14399491570518233
3.376,-0.004514176592799818
3.38,-0.08418328603107675
3.384,-0.1726935307068213
3.388,-0.17624681162724964
3.392,0.060872859945248214
3.396,-0.03785879182615
3.4,-0.11779562705953656
3.404,0.07179496795120091
3.408,0.1211945098598118
3.412,-0.14341901981167518
3.416,-0.1527097870960581
3.42,-0.15329924473314796
3.424,-0.14819595607133787
3.428,-0.10242783060627719
3.432,-0.18257101731386388
3.436,-0.15458887127872278
3.44,-0.14764340284420288
3.444,-0.03508516903210088
3.448,-0.1361172532944503
3.452,0.053497592603559935
3.456,0.04112429323742081
3.46,-0.04984119086434219
3.464,0.08551487281171533
3.468,-0.22190767230394243
3.472,-0.09231444801218511
3.476,-0.10375972458821794
3.48,0.01604922576969059
3.484,0.005298922917373786
3.488,0.05785480583293244
3.492,-0.2371430174501856
3.496,-0.28848969952488723
3.5,-0.10794453145563201
3.504,0.11411650188365294
3.508,-0.08341973176158343
3.512,-0.14338483154164441
3.516,-0.15850673642621851
3.52,-0.08295198731718309
3.524,-0.2532544209836399
3.528,-0.08664026409804071
3.532,-0.22168604866868066
3.536,-0.19127621069459483
3.54,0.0068102329088103545
3.544,0.3030428995679851
3.548,0.5259793040427032
3.552,0.7311755538535202
3.556,0.7204333616281384
3.56,0.7627358624907552
3.564,0.6941953458238065
3.568,0.47409728832482195
3.572,0.016072050590303005
3.576,-0.10030549652285706
3.58,-0.27664858978058326
3.584,-0.3173133828233071
3.588,-0.3947033448219288
3.592,-0.4031230362706383
3.596,-0.26674498308142536
3.6,-0.2796981407437804
3.604,-0.20165128614637817
3.608,-0.07250966731896655
3.612,-0.08529497741606278
3.616,-0.07019541019076976
3.62,-0.1351413374522687
3.624,-0.1289158198661114
3.628,-0.0016271722779953868
3.632,0.0151517433347199
3.636,0.03345162676928645
3.64,-0.1605705623263537
3.644,-0.15578294604191936
3.648,-0.1249324410072732
3.652,-0.11602013399860077
3.656,-0.16587899266613362
3.66,-0.10038372866892048
3.664,-0.16053304543032781
3.668,-0.0735848680587001
3.672,-0.1449210823875354
3.676,-0.07851882714569183
3.68,-0.03636325265087756
3.684,-0.08685796420865345
3.688,-0.11119766107285634
3.692,-0.15005513404380438
3.696,-0.21608774022343952
3.7,0.006105353611197142
3.704,0.06104494343652203
3.708,-0.08959709025041146
3.712,-0.19135022771847957
3.716,0.0033848666110986164
3.72,0.07712038960366593
3.724,-0.07092450851270604
3.728,-0.028420936308425473
3.732,-0.12021956379317755
3.736,-0.05396507470016875
3.74,-0.16409626598745192
3.744,-0.1636426295681055
3.748,0.002787266959665996
3.7520000000000002,-0.040523303812133815
3.7560000000000002,0.11195650467054845
3.7600000000000002,0.02739901933612557
3.7640000000000002,0.15980359362046914
3.7680000000000002,0.16697925524792556
3.7720000000000002,0.09402777641530766
3.7760000000000002,0.06642556596831142
3.7800000000000002,0.008340813620978126
3.7840000000000003,-0.013918406130821445
3.7880000000000003,0.13905736721342318
3.7920000000000003,0.028475205953930202
3.7960000000000003,0.02691406152854496
3.8000000000000003,0.27180966711067783
3.8040000000000003,0.05709995973007995
3.8080000000000003,0.0835073556004072
3.8120000000000003,-0.038022932640944584
3.8160000000000003,0.13686437009612107
3.8200000000000003,0.3667927326570145
3.8240000000000003,0.25326957439107217
3.8280000000000003,0.0025569382421524317
3.8320000000000003,0.0905487888260239
3.8360000000000003,0.3870579324822617
3.84,0.07542997542789222
3.844,0.1054232549551456
3.848,0.07606548432696159
3.852,0.2592553161026413
3.856,0.13711004788225967
3.86,-0.009373049222206997
3.864,0.03528715923187491
3.868,0.14804277445340963
3.872,0.11664911705906862
3.876,0.0918042553299157
3.88,0.06771961756741667
3.884,-0.08413122160164666
3.888,-0.06608120899083321
3.892,0.1600642469973919
3.896,-0.13917645223481342
3.9,0.05514900978691754
3.904,-0.034491776033700655
3.908,-0.12448360595014019
3.912,-0.09638079005370243
3.916,-0.20318835731107085
3.92,0.0026898283588332947
3.924,-0.06568486378790314
3.928,-0.1699828162658553
3.932,-0.13696516455967503
3.936,-0.19546115334550626
3.94,0.08704424694332355
3.944,-0.19734168302609895
3.948,-0.09512386776847785
3.952,-0.03256576413121858
3.956,0.0662454133516187
3.96,-0.18772523265435423
3.964,0.018877125021201507
3.968,0.11920407114791164
3.972,-0.11784667685008403
3.976,-0.15450996658719374
3.98,-0.14204329019148693
3.984,-0.07498881254601662
3.988,0.037488434629016715
3.992,-0.23063417621218193
3.996,-0.1398223197700026
4.0,-0.014378608166659979
4.0040000000000004,-0.2044503630604238
4.008,-0.12681836713897737
4.0120000000000005,-0.19100943696974748
4.016,-0.08753950112739517
4.0200000000000005,-0.19962087791694047
4.024,-0.14655191476211937
4.0280000000000005,-0.009439836087360959
4.032,-0.12656512098831038
4.0360000000000005,-0.14418555720920156
4.04,-0.012225615339993556
4.0440000000000005,-0.0804254325630411
4.048,-0.12800478955770656
4.0520000000000005,-0.06812389198563085
4.056,-0.2245353152621773
4.0600000000000005,-0.10687337432494054
4.064,-0.03725830546500179
4.0680000000000005,-0.09916395887862665
4.072,0.07497055236372094
4.0760000000000005,-0.16149890923235977
4.08,0.04486934398528334
4.0840000000000005,0.11468898598104194
4.088,-0.02867591698898517
4.0920000000000005,-0.040199003746503884
4.096,0.05787559815929254
4.1,-0.059131183035753425
4.104,-0.021243496503357433
4.108,0.023099299280244675
4.112,0.03236298352188305
4.116,-0.10032199418357213
4.12,0.157127494309952
4.124,-0.027750014575210827
4.128,-0.06649998163787292
4.132,0.15980648710162107
4.136,0.04758767462511646
4.14,-0.012819592299558664
4.144,-0.028003849024688193
4.148,-0.14603979966720243
4.152,0.15089568284640126
4.156,0.021148782388740184
4.16,-0.0074855133793820805
4.164,-0.20646052744053484
4.168,-0.039432608800136965
4.172,0.15727201231501653
4.176,-0.12544783171046922
4.18,-0.15339643971495803
4.184,0.08224278514532224
4.188,0.017144353675397087
4.192,-0.04447769376564925
4.196,-0.04705012893900662
4.2,-0.1070940373604159
4.204,-0.09704192687668542
4.208,-0.018136328004453896
4.212,-0.13716644511914203
4.216,-0.11504624636529648
4.22,-0.07909071650921042
4.224,-0.03133217042601687
4.228,-0.0004512131811239134
4.232,0.06859040892016284
4.236,0.0550785107109253
4.24,0.046402106395149835
4.244,-0.06613226317725483
4.248,0.03371875644956503
4.252,0.04875163446178579
4.256,-0.06188747113159238
4.26,-0.04708167814041861
4.264,-0.1960581213603393
4.268,0.09251872737517736
4.272,-0.006810453009951447
4.276,0.004495988146176064
4.28,0.2432656136975121
4.284,0.5575769277407039
4.288,0.7932918234296673
4.292,0.9855539303657158
4.296,0.9885472461797017
4.3,0.7299425218814313
4.304,0.5786304039561371
4.308,0.26218621142894183
4.312,0.06309047522987718
4.316,-0.08187560228506059
4.32,-0.2309613592047154
4.324,-0.20668965554235258
4.328,-0.2939298690553512
4.332,-0.23656503953476976
4.336,-0.13125622852811342
4.34,0.009550341665423526
4.344,-0.08424870476268398
4.348,-0.08761612988598472
4.352,-0.05154193754719462
4.356,-0.0021824321635299793
4.36,-0.07132663294225226
4.364,-0.031089739268223643
4.368,0.025575832433378277
4.372,0.12492216795768248
4.376,0.002106577100886152
4.38,-0.13006146921510187
4.384,-0.11076073445336465
4.388,0.09988297324709103
4.392,0.0723031718556229
4.396,-0.0840151841814945
4.4,0.09006156252789017
4.404,0.05511319817934888
4.408,-0.04636325383154412
4.412,-0.024698715158779888
4.416,0.053723825678671545
4.42,0.021607915055958576
4.424,0.024929636936256477
4.428,-0.0837566797222711
4.432,-0.006167538706765362
4.436,0.0303963930325205
4.44,0.05795006228248112
4.444,0.08875886973653888
4.448,0.11492619194703808
4.452,0.044651292874546555
4.456,0.05093184358172847
4.46,0.028195902394889557
4.464,-0.04151527985931655
4.468,0.19167674722875117
4.472,0.10491827370753769
4.476,-0.07726677229052514
4.48,0.10459200183469548
4.484,0.008095871384645056
4.488,0.053628190574554715
4.492,-0.02433287123433961
4.496,0.22387819034254383
4.5,-0.0656309700946502
4.5040000000000004,0.10265448532471277
4.508,0.21884403252386367
4.5120000000000005,0.16977799060246163
4.516,0.21756096446471407
4.5200000000000005,0.23508574022330073
4.524,0.25868755732145354
4.5280000000000005,0.17645882622115366
4.532,0.0716642081209316
4.5360000000000005,0.29634762673017934
4.54,0.1757448216103838
4.5440000000000005,0.24859217634271366
4.548,0.16316624786375603
4.5520000000000005,0.1827510116178055
4.556,0.3866284967766984
4.5600000000000005,0.19164585545280524
4.564,0.2700284535631224
4.5680000000000005,0.2748653819345215
4.572,0.01084917757363299
4.5760000000000005,0.19015797871964646
4.58,0.16113643866078367
4.5840000000000005,0.17794046689364168
4.588,0.3607332096317279
4.5920000000000005,0.3409122876218613
4.596,0.2771301844858085
4.6000000000000005,0.15728892863520405
4.604,0.16947109998890664
4.6080000000000005,-0.029709479155356544
4.612,0.04233241633762688
4.616,0.28005413716965716
4.62,0.10569490032203405
4.624,0.11114781354902126
4.628,-0.048940418604026766
4.632,0.11800484674845499
4.636,0.06959571001086164
4.64,0.16892652378686907
4.644,-0.07022077273121513
4.648,-0.13142872133954298
4.652,0.1269431958722555
4.656,0.018846626995258374
4.66,0.16107187559035202
4.664,-0.004029438757529178
4.668,0.08227875743932743
4.672,-0.061890903064350765
4.676,0.09315564095270176
4.68,0.11936391195834528
4.684,0.10045210017274642
4.688,0.2501435250610798
4.692,0.19236816487419395
4.696,0.055583072141305825
4.7,0.20799624611453138
4.704,0.06432030454473468
4.708,0.15840859952818911
4.712,-0.05866721021770462
4.716,0.19696965066779532
4.72,-0.05372475039025882
4.724,0.20062077726889588
4.728,0.1220626093752104
4.732,0.005931381572059382
4.736,0.11972908465584695
4.74,-0.11959900768619033
4.744,0.006186538469253065
4.748,-0.07120089001329805
4.752,0.06028842959811416
4.756,-0.10895025508238282
4.76,0.19322003502074397
4.764,0.007711680659890412
4.768,0.08840495680379903
4.772,0.04972656371221082
4.776,0.09478417754932356
4.78,0.001697680997811292
4.784,-0.14338121040447616
4.788,0.0538014617158952
4.792,0.07458800002812802
4.796,-0.08855298235623062
4.8,0.2917341007947644
4.804,-0.04529013583617181
4.808,0.10308691443451441
4.812,-0.011260111778096313
4.816,0.07386264522803851
4.82,0.17677047518121966
4.824,0.14273120887137247
4.828,0.08329221468858199
4.832,0.21707705134904903
4.836,0.011868794859829751
4.84,0.055115569486136065
4.844,0.058397112948836837
4.848,0.17340487907392343
4.852,0.18925777289273188
4.856,-0.06462729375477536
4.86,0.16255540082569286
4.864,0.020271134130815743
4.868,0.11473148385768533
4.872,0.09120279776672927
4.876,-0.04290071112951589
4.88,0.031043748451061184
4.884,-0.0009539147288967487
4.888,0.11254257186106252
4.892,0.03227867872718817
4.896,0.1046459839017638
4.9,0.07259849338149202
4.904,0.006695837435021321
4.908,0.05667732844926807
4.912,0.08584961542453456
4.916,0.050179237189161986
4.92,0.0891857377820403
4.924,0.05016484478024008
4.928,0.1562885175647909
4.932,0.14884384285512936
4.936,0.09911259011069697
4.94,0.008116447933492713
4.944,0.14618557831428977
4.948,-0.051222160724682726
4.952,-0.06750042440653208
4.956,0.06889218269174505
4.96,0.09504345896872629
4.964,0.08175658118026882
4.968,0.06197420504069067
4.972,0.057012597845361446
4.976,0.0856539826819526
4.98,-0.13206162129157517
4.984,0.0940638068751915
4.988,-0.030680339167033457
4.992,0.15203795399399572
4.996,0.07504297069226482
5.0,0.28253975817398524
5.0040000000000004,0.42351073599772576
5.008,0.7780498047426021
5.0120000000000005,0.7635588572112966
5.016,1.0387273904096492
5.0200000000000005,1.1668063442154026
5.024,0.9000648981756602
5.0280000000000005,0.73300539466406
5.032,0.41732425260646827
5.0360000000000005,-0.05352227488911915
5.04,0.02116993289984511
5.0440000000000005,-0.11725917248173304
5.048,-0.16054572788252472
5.0520000000000005,-0.18731550214906506
5.056,-0.06814769070588886
5.0600000000000005,-0.06532201024633527
5.064,-0.15520586470068495
5.0680000000000005,-0.03671190162209155
5.072,0.2552216063815054
5.0760000000000005,-0.04616536386188888
5.08,-0.035617061117980596
5.0840000000000005,-0.05386081202727988
5.088,0.05952570049933389
5.0920000000000005,0.14116626663400977
5.096,0.06750744182171399
5.1000000000000005,0.18088930942180867
5.104,0.21593801931789483
5.1080000000000005,-0.09654519374896657
5.112,-0.014587619189546847
5.1160000000000005,0.0028921296781144884
5.12,0.1860714508177246
5.124,0.1465295032563934
5.128,-0.0006498802082285093
5.132,0.08901389906063985
5.136,0.07454289106771506
5.14,0.018001225003156374
5.144,0.01221340583042381
5.148,0.22569948626332378
5.152,0.168320581239645
5.156,0.11808213747696747
5.16,0.15009139859206003
5.164,0.18920035368744137
5.168,0.04298945411551473
5.172,0.054291370596083396
5.176,0.13467651338377132
5.18,0.13613306751240625
5.184,0.25038168434378066
5.188,0.023512356468774365
5.192,0.17257979642949017
5.196,0.11432911793683832
5.2,0.25613980135486214
5.204,0.06799650958088621
5.208,0.23450858260220092
5.212,0.029532134979134844
5.216,0.15693579312466427
5.22,0.22548366197523312
5.224,0.12482000865938107
5.228,0.025641757914596636
5.232,0.2437341650470707
5.236,0.26383941399189187
5.24,0.3546723776009115
5.244,0.05731105845398762
5.248,0.2012673485229986
5.252,0.1382211263901949
5.256,0.2455354556674605
5.26,0.32024187803499116
5.264,0.4046337008887697
5.268,0.36251643963510893
5.272,0.4841602326065203
5.276,0.4355518056805629
5.28,0.5583398655603651
5.284,0.21310189574755375
5.288,0.27649070668881376
5.292,0.43396266209136786
5.296,0.23515766337775623
5.3,0.16375727670488668
5.304,0.20904278847995472
5.308,0.33684980487107213
5.312,0.23759175418675463
5.316,0.31882474101279606
5.32,0.17945177644182242
5.324,0.2627099590111232
5.328,0.273935022395549
5.332,0.40698926879810043
5.336,0.2464362173648536
5.34,0.1342185132164485
5.344,0.16146104953565552
5.348,0.17158695306719926
5.352,0.11612903908638585
5.356,0.3347979844486792
5.36,0.1833637971389151
5.364,0.22824125710761295
5.368,0.050637080730702055
5.372,0.03754963421726076
5.376,-0.018676993975705103
5.38,0.012063316414489558
5.384,0.06924785605560961
5.388,0.4288974455918776
5.392,-0.018305362912196615
5.396,0.09404933962010228
5.4,0.2875624234190625
5.404,0.16311864222638586
5.408,0.21209511343803508
5.412,0.2800878024081548
5.416,0.1578459847212235
5.42,0.1208344645392902
5.424,0.13650107328680153
5.428,0.12626662742670464
5.432,0.04163328361006527
5.436,0.10588126168256924
5.44,0.2661220245460103
5.444,0.2024515247334711
5.448,0.18367264852513687
5.452,0.031679405807414754
5.456,0.05472603464916036
5.46,-0.005371362760605652
5.464,0.14821902529589054
5.468,0.0997340080483522
5.472,0.0792128935260096
5.476,0.1848152093225524
5.48,0.19797127785089738
5.484,0.22608015131521134
5.488,0.29478336456447574
5.492,0.22659906090808496
5.496,0.2941180678907749
5.5,0.16342022112428614
5.5040000000000004,0.10561334062666826
5.508,0.12669036280271784
5.5120000000000005,0.0750243554910635
5.516,0.21088147712486294
5.5200000000000005,0.07580771909101869
5.524,0.13452214195527118
5.5280000000000005,0.020590233405678837
5.532,0.30087016639518843
5.5360000000000005,0.34342102666397734
5.54,0.167307814722803
5.5440000000000005,0.14563739498662737
5.548,-0.052760439919423974
5.5520000000000005,0.19299252198748928
5.556,0.027700711430534986
5.5600000000000005,0.1593693793999782
5.564,0.07087622422742951
5.5680000000000005,0.12168350641828829
5.572,0.16049255193649922
5.5760000000000005,0.13685997635884134
5.58,0.17289409962713997
5.5840000000000005,0.06587763725432992
5.588,0.1003210692062817
5.5920000000000005,0.14852424964885777
5.596,0.1386424580732725
5.6000000000000005,0.10802172179288831
5.604,0.25015881791874095
5.6080000000000005,0.11631423000849928
5.612,0.14770893673128613
5.6160000000000005,0.18586033256746443
5.62,0.22965023816272398
5.6240000000000006,0.2649516722777998
5.628,0.28559266317464344
5.632,0.05980223471748435
5.636,0.2903577600834899
5.64,0.20322742803166835
5.644,0.0734166233376803
5.648,-0.06671422768730885
5.652,0.25518640249178276
5.656,0.055222596754732164
5.66,0.052813710685822406
5.664,0.13340345889756167
5.668,-0.08030747680814133
5.672,0.07878256662005559
5.676,0.08214375826543227
5.68,0.021611496991134096
5.684,0.09742844223570324
5.688,0.10270172192156898
5.692,0.16370284392927856
5.696,0.2391290897395306
5.7,0.6905031409326785
5.704,0.8589445167945879
5.708,0.8727387157688759
5.712,1.1194417695532777
5.716,1.0634358063083862
5.72,0.7823638577503733
5.724,0.6926644988980906
5.728,0.3247305863266116
5.732,0.08827527133377903
5.736,0.11033858266038735
5.74,0.22034644881043286
5.744,-0.05665531487278877
5.748,0.023140648917950202
5.752,0.0569465428930227
5.756,0.0987657299234269
5.76,0.09197555325963849
5.764,0.006731827859062789
5.768,0.1487644512260755
5.772,0.2046490280775721
5.776,0.0866920453686587
5.78,-0.038842075063783815
5.784,0.0843940573533051
5.788,0.20928882632110057
5.792,0.10705253372455124
5.796,0.1919538486220569
5.8,-0.12747800393799968
5.804,0.11852504393209984
5.808,0.16711487828586996
5.812,0.07922185312239574
5.816,0.07493110872880786
5.82,0.12711899522953482
5.824,0.08109484919201312
5.828,-0.05293985554488145
5.832,0.12633342118067253
5.836,-0.10273172389188276
5.84,-0.03847502126739527
5.844,0.08125973657345538
5.848,-0.04787243223800741
5.852,0.3152585678849262
5.856,0.04050340422784862
5.86,0.051479907705188066
5.864,0.08739514048443192
5.868,0.23762669166538514
5.872,0.08822605590420311
5.876,-0.08537064630337202
5.88,0.03857042223822131
5.884,0.18672394917386229
5.888,0.13106161859112084
5.892,0.21874928372342692
5.896,-0.08580434299692824
5.9,0.20737901894051677
5.904,0.30364017711181834
5.908,0.23167542380331713
5.912,0.15911405036417098
5.916,0.2347954965386618
5.92,0.2566542613251744
5.924,0.2707021990620436
5.928,0.18664746985114294
5.932,0.16102421552548996
5.936,0.2135618676331804
5.94,0.41827269724050586
5.944,0.2904492124583835
5.948,0.15287335943596672
5.952,0.35075306894116376
5.956,0.4701245229797423
5.96,0.2346363453392044
5.964,0.24766138883010494
5.968,0.49685580264438534
5.972,0.3566101652780718
5.976,0.544251651597323
5.98,0.23461080360989617
5.984,0.28950220868904397
5.988,0.31354193626376625
5.992,0.41688244754795367
5.996,0.2742496730301567
6.0,0.470150442892406
6.0040000000000004,0.27786318784918396
6.008,0.35866822455980485
6.0120000000000005,0.3915411645481173
6.016,0.20086074211410632
6.0200000000000005,0.3348518439207982
6.024,0.27497820757563607
6.0280000000000005,0.10717531693249617
6.032,0.23618356866770687
6.0360000000000005,0.16823217043598482
6.04,0.2442414179479359
6.0440000000000005,0.1532891341981155
6.048,0.1412950557617207
6.0520000000000005,0.21178067757539257
6.056,0.1141106286881115
6.0600000000000005,0.23799746885231393
6.064,0.13389329786867293
6.0680000000000005,0.20317852634589323
6.072,0.2656238760814653
6.0760000000000005,0.06888480047531313
6.08,0.18217584934999365
6.0840000000000005,0.19818848529519328
6.088,0.19200438367466463
6.0920000000000005,-0.012566551913568022
6.096,0.13635211858353408
6.1000000000000005,0.14366879886370282
6.104,0.058293021769945386
6.1080000000000005,0.05675275631647728
6.112,-0.02495161933390054
6.1160000000000005,0.1009729280926319
6.12,0.09371970745055015
6.1240000000000006,0.021521776259275163
6.128,0.03332209889226433
6.132000000000001,0.1541456468102502
6.136,0.09782981267470062
6.140000000000001,0.1737933691678113
6.144,0.2219770577776782
6.148,0.07079147962580724
6.152,0.07217289369243761
6.156,0.08370848135844017
6.16,0.1542795423641369
6.164,0.19401527470073987
6.168,0.1569722745548187
6.172,0.2837976097961332
6.176,0.04043186366417694
6.18,0.02925273236534346
6.184,0.10729136065299122
6.188,0.10116280899384637
6.192,0.1777708995145032
6.196,0.03973915246261577
6.2,0.06511335651536444
6.204,0.11496910713047181
6.208,0.003107020131841484
6.212,-0.03895832814607138
6.216,0.14096405216720745
6.22,0.19478450407257508
6.224,0.11663250693675788
6.228,0.1088856994590777
6.232,0.14188283118805764
6.236,0.04968445461801453
6.24,0.18010695993697773
6.244,0.2514917316480183
6.248,0.3152783290174163
6.252,0.22965021409644173
6.256,0.235806577206071
6.26,0.10199700961713433
6.264,0.18372005802272998
6.268,0.32305982915955855
6.272,0.13644509703641503
6.276,0.18263718185124606
6.28,0.0737700014146723
6.284,0.22785905016317937
6.288,0.128770711140224
6.292,0.08666369123345316
6.296,-0.002823187166430874
6.3,-0.025372176653385606
6.304,0.08578488421041541
6.308,0.07145847106308695
6.312,0.015028573730461008
6.316,0.0006788968137945023
6.32,0.1339093900988187
6.324,0.23644482840637304
6.328,-0.0070522897400592255
6.332,0.18308504068855563
6.336,-0.02513508208382413
6.34,0.06551786039886565
6.344,0.08121826177110647
6.348,0.10103253291333689
6.352,0.1218079050165642
6.356,0.013623279546171721
6.36,0.09499333141115565
6.364,0.15752672249704736
6.368,0.02896821429918589
6.372,0.05367057009379241
6.376,0.030264246296455057
6.38,0.07850629741890926
6.384,0.22570088549013806
6.388,0.06753934764974753
6.392,0.13371518359445628
6.396,-0.09351343361202309
6.4,-0.015862700733889595
6.404,-0.005254936960698831
6.408,0.006938338228047923
6.412,-0.008356654110112207
6.416,0.10077790503815591
6.42,0.2385518898574069
6.424,0.5334361966572598
6.428,0.7121949971555483
6.432,0.7359724790431705
6.436,1.1973483150418343
6.44,1.144276528407818
6.444,0.8037585686819495
6.448,0.6663156244727169
6.452,0.12472817626138735
6.456,0.05118156817214814
6.46,-0.10356442112019791
6.464,-0.10058749523620035
6.468,-0.13000243315776341
6.472,-0.01303491281166684
6.476,-0.10251570893776497
6.48,-0.03897342819385972
6.484,-0.01779825461086857
6.488,0.2854851216545886
6.492,0.044785803868186654
6.496,0.04216028282643783
6.5,0.00856580063656439
6.5040000000000004,0.1383670600180391
6.508,0.3314232795351775
6.5120000000000005,0.11365481133914264
6.516,-0.09471031618080067
6.5200000000000005,-0.0004454496736712027
6.524,-0.11867540398309845
6.5280000000000005,-0.07693923346568327
6.532,0.08842312932554144
6.5360000000000005,0.09111110411631115
6.54,-0.030647380685101387
6.5440000000000005,-0.05277612456126935
6.548,0.03766447040698185
6.5520000000000005,0.08654852554277415
6.556,0.11378861371275137
6.5600000000000005,0.0013401763318771145
6.564,-0.04394914645548328
6.5680000000000005,-0.16910009020442235
6.572,0.12275161698419601
6.5760000000000005,-0.053074427071175406
6.58,-0.024380178812578812
6.5840000000000005,0.18807157408446704
6.588,0.03871327277990928
6.5920000000000005,0.05097069656807104
6.596,-0.03901422120146804
6.6000000000000005,-0.0006278309919580463
6.604,0.1806944409272231
6.6080000000000005,0.12097224377378699
6.612,-0.08663687163732715
6.6160000000000005,0.1356498142808265
6.62,0.05286394388919281
6.6240000000000006,0.05987436702088375
6.628,0.1955658538614536
6.632000000000001,0.12772350649838504
6.636,0.10956453914193491
6.640000000000001,0.03949482436057314
6.644,0.027094832870171393
6.648000000000001,0.2724998054886226
6.652,0.16312659334705742
6.656000000000001,0.1087142214784774
6.66,0.22572395034510107
6.664,0.2639488361857485
6.668,0.11449691630238952
6.672,0.15325380325083152
6.676,0.2452377188609079
6.68,0.13087949130908771
6.684,0.2614973181468912
6.688,0.27731797144188597
6.692,0.16831183236435648
6.696,0.28952042984311577
6.7,0.2521036246088704
6.704,0.14290072353504452
6.708,0.22066591776863853
6.712,0.3029155499134812
6.716,0.12440419818700803
6.72,0.20342768587475552
6.724,0.22210870063051172
6.728,0.2869964858996377
6.732,0.3229621279931177
6.736,0.2524318392115307
6.74,0.15959625597512128
6.744,0.040306148501951244
6.748,0.008891929622218936
6.752,0.21283674565903768
6.756,-0.12557745422027433
6.76,0.12873760838541798
6.764,0.15254264271567786
6.768,0.14475328758175132
6.772,0.09275064386786226
6.776,0.022189676731585298
6.78,0.07274402579560163
6.784,0.013865892859207467
6.788,0.05645946968538126
6.792,-0.039010770974817977
6.796,-0.06524101579429838
6.8,-0.07915848366543969
6.804,0.10711887072647469
6.808,0.004122460980603133
6.812,-0.0031539677019407275
6.816,-0.0313158875402879
6.82,0.06749340652199064
6.824,-0.03580739274938305
6.828,0.02851925727126696
6.832,0.026061306596888677
6.836,-0.024613219539173038
6.84,0.050366827387037606
6.844,0.021475473388388608
6.848,-0.11630526012197931
6.852,0.03130043700372668
6.856,-0.05691125935689381
6.86,0.06731009843285257
6.864,-0.026638090008423192
6.868,0.08871682680895211
6.872,0.12428889081100722
6.876,-0.03213653216981131
6.88,0.029573730658057254
6.884,-0.02668956790330359
6.888,-0.00695089953206234
6.892,-0.010038467681427953
6.896,0.014560656274342589
6.9,0.07939299492228417
6.904,-0.06946379715701817
6.908,-0.12776726896177837
6.912,-0.06435972197803677
6.916,-0.17203154519086158
6.92,-0.06031303350512318
6.924,-0.12013659671458539
6.928,-0.009705913482399332
6.932,-0.12811729324223423
6.936,-0.11306740235645085
6.94,-0.0827711330378483
6.944,-0.08934038230884764
6.948,-0.08561422704672922
6.952,0.009800270835831702
6.956,0.0651069989789374
6.96,0.027989656669706542
6.964,-0.05957928160585095
6.968,-0.12640693153054025
6.972,0.07152937603774069
6.976,-0.05711154937737747
6.98,-0.16478869245615477
6.984,-0.020514720784842993
6.988,0.06171655931881335
6.992,0.09739987897803043
6.996,-0.060524756292806625
7.0,-0.12304526622331705
7.0040000000000004,0.09394329535376732
7.008,-0.145021434451018
7.0120000000000005,-0.1259748372253535
7.016,-0.07718022404488999
7.0200000000000005,0.03861132751639057
7.024,-0.018073268407854053
7.0280000000000005,-0.08725525285914199
7.032,-0.16879918438497687
7.0360000000000005,0.025601294457459865
7.04,-0.17398223211061908
7.0440000000000005,0.10685792642677894
7.048,-0.10596756527534244
7.0520000000000005,-0.06183740292933926
7.056,-0.04482531541160341
7.0600000000000005,-0.0833760700157436
7.064,0.17198516022576105
7.0680000000000005,0.11961144197682136
7.072,-0.009653115075876614
7.0760000000000005,0.02277336945981555
7.08,0.0835923267144292
7.0840000000000005,0.13199422637372948
7.088,-0.041110395072669115
7.0920000000000005,0.06757013473538623
7.096,0.18728269305696624
7.1000000000000005,-0.016476030311067195
7.104,-0.01031789324356281
7.1080000000000005,0.08919785964130003
7.112,-0.002971810180500636
7.1160000000000005,-0.06368870013043172
7.12,-0.018647258944724233
7.1240000000000006,0.03222266783161634
7.128,-0.012786455183129451
7.132000000000001,-0.07912802818057883
7.136,0.037420686786871785
7.140000000000001,-0.0012100586500983154
7.144,-0.041939317047935284
7.148000000000001,-0.13865490760655869
7.152,0.06103080669287308
7.156000000000001,0.06736930872750693
7.16,-0.060285312836359926
7.164000000000001,-0.03815608825664404
7.168,-0.021912116014752608
7.172,-0.047591052669281986
7.176,0.044884111899726686
7.18,-0.15680800993384036
7.184,-0.17107618896969284
7.188,-0.17394263686847583
7.192,-0.11667768235431857
7.196,-0.1107776452898194
7.2,-0.04722297348472747
7.204,0.115619714779067
7.208,0.10166089838929993
7.212,-0.17253270384564567
7.216,-0.05376510156712258
7.22,-0.023466719279444832
7.224,-0.19238173290710886
7.228,-0.0906148418212799
7.232,-0.10849351278441266
7.236,0.11375973336401443
7.24,-0.07486971702615164
7.244,-0.14217278924835214
7.248,-0.07906117366842817
7.252,0.03344900184971514
7.256,-0.1169159391254253
7.26,0.30724918736735457
7.264,0.32774043543759596
7.268,0.7445672972473626
7.272,0.9495128769891009
7.276,1.0028211501493598
7.28,0.8785762836255917
7.284,0.6864546818276898
7.288,0.3615641071411919
7.292,-0.005165545732817203
7.296,-0.10952627607312312
7.3,-0.34523529310045675
7.304,-0.21245014232460163
7.308,-0.16941350632786834
7.312,-0.2525374088374708
7.316,-0.12374514128527511
7.32,-0.03990257999482791
7.324,-0.09137181010305483
7.328,-0.07810360872256045
7.332,-0.021678280196127622
7.336,-0.08367922762998978
7.34,-0.00011979656501760749
7.344,-0.22154759696692472
7.348,-0.06822048672722819
7.352,-0.11827856650268548
7.356,-0.08462013555753223
7.36,0.0863240794989247
7.364,0.01711677401848942
7.368,0.03859879350131243
7.372,0.01988368819420573
7.376,-0.12292261222046225
7.38,-0.0163643836439306
7.384,-0.11933337475085744
7.388,-0.12606177940962748
7.392,-0.028879557531957714
7.396,-0.07576941677159202
7.4,-0.16186676146553236
7.404,-0.037521552481225406
7.408,-0.08585953494428053
7.412,0.08616740455504078
7.416,-0.05317906353420536
7.42,0.057651469885755806
7.424,-0.16664619990094812
7.428,0.06767580405454612
7.432,-0.23793130878550914
7.436,-0.03875748741735791
7.44,-0.07565099186354823
7.444,-0.02509918419428217
7.448,-0.024773064358429096
7.452,-0.04109705626154367
7.456,-0.07775289844944004
7.46,-0.3023619299242673
7.464,0.014732314848827761
7.468,0.008934013112316366
7.472,-0.11199596119887296
7.476,-0.0220351726286238
7.48,0.0553637892259544
7.484,0.11754537975050518
7.488,-0.03597898815690567
7.492,0.07177610804123029
7.496,0.060093638299931036
7.5,0.11465351258244696
7.5040000000000004,0.16289774387623124
7.508,0.12481680674967108
7.5120000000000005,-0.027556271896534673
7.516,0.0474424501228681
7.5200000000000005,0.3536061664728169
7.524,0.04158615042162429
7.5280000000000005,0.12737705543697572
7.532,0.13576011098868657
7.5360000000000005,0.24650913877650033
7.54,0.07538178151759914
7.5440000000000005,0.16146888678257137
7.548,0.17148506556611862
7.5520000000000005,0.21336161756304425
7.556,0.02117281425238514
7.5600000000000005,0.08789028779314947
7.564,0.12244495828389743
7.5680000000000005,0.0824291592496364
7.572,0.2350680491902994
7.5760000000000005,0.0828798023827097
7.58,-0.003166265651740635
7.5840000000000005,0.060345579244798345
7.588,0.03419543421148902
7.5920000000000005,-0.06189867747787009
7.596,0.06164329424006064
7.6000000000000005,-0.0009472696554512668
7.604,0.08306925720776302
7.6080000000000005,-0.03504738963317697
7.612,-0.14950982332496512
7.6160000000000005,-0.0627636127281758
7.62,-0.07392744719382617
7.6240000000000006,0.03667923216557662
7.628,-0.10539201276954294
7.632000000000001,-0.18327891372431843
7.636,-0.007904632435080855
7.640000000000001,-0.1253626888384066
7.644,-0.127907492086302
7.648000000000001,-0.10142536818506549
7.652,-0.03490414933995848
7.656000000000001,-0.14737885728694233
7.66,-0.1884769341321143
7.664000000000001,-0.10596624199683748
7.668,-0.2492864916820023
7.672000000000001,-0.07730589127477061
7.676,-0.15891585270652997
7.68,-0.09283065896731559
7.684,0.09504272913994444
7.688,-0.260804022944566
7.692,-0.20480381264673064
7.696,-0.1461682534281413
7.7,-0.019059834506498785
7.704,-0.09837979530245175
7.708,0.03564864345052503
7.712,-0.17290494074686397
7.716,-0.13819856061956057
7.72,-0.02256934537104531
7.724,-0.15509060019823792
7.728,-0.06947510589769991
7.732,-0.0839296637946707
7.736,-0.003433310943410109
7.74,-0.22323772602237216
7.744,-0.0750263296588473
7.748,-0.13825097236490694
7.752,-0.14466389140366023
7.756,-0.06149456518597954
7.76,0.03355462327340561
7.764,-0.0601850383454996
7.768,-0.2569954590561413
7.772,-0.05720856197989591
7.776,-0.06740138029346192
7.78,-0.09700387104030163
7.784,-0.16688440474974928
7.788,0.05664471446521503
7.792,-0.21764576521856824
7.796,-0.1412950647352052
7.8,-0.07240809729743537
7.804,-0.03442002756316741
7.808,-0.07099298323364603
7.812,-0.005233919492709682
7.816,-0.2127176278046075
7.82,-0.07480088788600325
7.824,-0.05175332609893768
7.828,-0.15643806344833475
7.832,-0.05025985087397296
7.836,-0.05911204130362655
7.84,-0.11531763198815852
7.844,-0.28666086574477445
7.848,-0.057100813253453495
7.852,-0.1610069881703278
7.856,-0.17307524562266202
7.86,-0.1077617352722256
7.864,-0.18235085411586088
7.868,-0.11899265232916588
7.872,-0.2136311344048971
7.876,-0.09404376297243731
7.88,-0.19156382325314436
7.884,-0.19442314359224092
7.888,0.07344301305379002
7.892,-0.16580189898083092
7.896,-0.08999167474147203
7.9,-0.06449289748731672
7.904,-0.22229183399997776
7.908,-0.12350354895711654
7.912,-0.1250753652062895
7.916,-0.09419631266977987
7.92,-0.16014262336905857
7.924,0.050652379595398436
7.928,-0.2844262278345039
7.932,0.013601585326920337
7.936,-0.151723109678024
7.94,-0.015711377546251792
7.944,0.054768721571717985
7.948,-0.05491445251084296
7.952,0.02537716424118458
7.956,0.013165654437465028
7.96,-0.19474616837839528
7.964,-0.03536024111418342
7.968,-0.295739904842516
7.972,-0.14871540168697292
7.976,-0.038255720491074646
7.98,-0.01590195532959894
7.984,-0.006188206671900287
7.988,-0.07694039548872991
7.992,-0.22388546793624575
7.996,-0.08770052360316336
8.0,-0.1939957536540502
8.004,-0.26544956875395764
8.008000000000001,-0.08279454247270507
8.012,-0.16565822541923475
8.016,-0.2798514405055691
8.02,0.09303638207359817
8.024000000000001,-0.06424042828482478
8.028,-0.188186340617237
8.032,-0.2536511375918388
8.036,-0.08248996973026979
8.040000000000001,-0.10816124596812669
8.044,-0.06773797826094843
8.048,-0.02901219530279829
8.052,-0.2835413237990896
8.056000000000001,-0.07356240783620956
8.06,-0.09576735617317306
8.064,-0.21787264465086403
8.068,-0.1266329771950974
8.072000000000001,0.08201824091922626
8.076,-0.10005751509322319
8.08,-0.24597324498874407
8.084,-0.2579798113855488
8.088000000000001,-0.08070306829229146
8.092,-0.24326421178264793
8.096,-0.07091612168238375
8.1,0.04518704045019461
8.104000000000001,0.2770854353577744
8.108,0.44940791767139543
8.112,0.48982808588810833
8.116,0.7465157078942479
8.120000000000001,0.9274405449430125
8.124,0.729542456920328
8.128,0.4596741186148338
8.132,0.1918669526313197
8.136000000000001,0.15707313786442106
8.14,-0.08985335321000225
8.144,-0.2002270271691174
8.148,-0.10607382109862537
8.152000000000001,-0.36946867630762603
8.156,-0.20079905502903644
8.16,-0.11797212074381704
8.164,-0.11136568713495204
8.168000000000001,-0.11730298703664865
8.172,-0.20849340937549599
8.176,-0.0190323355926504
8.18,-0.00975018513675624
8.184000000000001,0.14479135684058347
8.188,-0.1810262434744038
8.192,-0.14282565436908579
8.196,-0.09363230266242628
8.2,-0.045294552126758925
8.204,-0.08371095798743768
8.208,-0.2711331833167048
8.212,-0.07966024645108838
8.216,-0.09567397497944455
8.22,-0.178479423239502
8.224,-0.052098685865059786
8.228,-0.1357256242689287
8.232,-0.02515997140180433
8.236,-0.21749912126849172
8.24,-0.3010334540311726
8.244,0.08145978261456478
8.248,-0.07141246135181019
8.252,-0.0817513970546309
8.256,-0.15766123433233015
8.26,-0.07799323439863283
8.264,-0.049054487254873325
8.268,-0.11834494417036989
8.272,-0.009826163725486517
8.276,0.10473603535319917
8.28,-0.05987414901949634
8.284,-0.058701349762921205
8.288,-0.22314179416625174
8.292,-0.0436480911975535
8.296,-0.15395363285194152
8.3,-0.04685509951006947
8.304,-0.00014160982495554225
8.308,-0.02473298114038793
8.312,-0.02578574408555572
8.316,-0.0306157901964217
8.32,0.13971410092409442
8.324,-0.01153701279747233
8.328,-0.012986028573245219
8.332,0.0710760075541495
8.336,0.150585907252738
8.34,0.09322850470824884
8.344,-0.057959641568562606
8.348,-0.053019965061499974
8.352,0.044765953147962334
8.356,0.13610860689728932
8.36,0.2581288596061129
8.364,0.18616085969326576
8.368,0.1659810744738953
8.372,0.21859737507168556
8.376,0.10846590403817227
8.38,0.1430384033091243
8.384,0.3037881746460416
8.388,0.20309141936858843
8.392,0.17437220126789793
8.396,0.11694405209387893
8.4,0.07176680316333106
8.404,0.19512627776971309
8.408,0.017080014213466777
8.412,0.03021599102764047
8.416,-0.10890529376808927
8.42,0.258695521438412
8.424,-0.06469745386529528
8.428,0.13454381759465883
8.432,-0.007794369881328724
8.436,0.06417031152566308
8.44,0.017913358569944245
8.444,-0.17717672062173148
8.448,-0.08242240199424203
8.452,-0.1996137080274658
8.456,-0.1254075296413037
8.46,-0.16970844181006883
8.464,-0.13464445684512277
8.468,-0.06519527445095155
8.472,-0.0009718271701964418
8.476,0.0498920645629964
8.48,-0.07525052187670685
8.484,-0.012871520980179567
8.488,-0.043157350931339475
8.492,-0.17944151917956885
8.496,-0.06471432761243845
8.5,-0.017514474516473713
8.504,-0.0036140464423190938
8.508000000000001,-0.08113875367663546
8.512,0.03476295343799336
8.516,-0.0421298384224731
8.52,-0.016822898815033023
8.524000000000001,-0.2061275998185873
8.528,-0.06328033714632078
8.532,0.023250202082000612
8.536,0.09074482921624057
8.540000000000001,-0.1186311719427176
8.544,-0.09054738423027969
8.548,-0.09120826734205868
8.552,-0.12253982091241444
8.556000000000001,-0.09863711336677786
8.56,-0.14294198897038696
8.564,-0.08200048951950054
8.568,-0.07167951205255295
8.572000000000001,0.022514917807268504
8.576,-0.14002653011470118
8.58,0.017324321600994147
8.584,-0.044610464011395685
8.588000000000001,-0.029846200734523987
8.592,-0.14443909935328753
8.596,-0.23596717797129357
8.6,-0.08966519915258717
8.604000000000001,-0.003913682499547912
8.608,-0.09752996144335452
8.612,-0.12227694010948406
8.616,-0.0681794803172687
8.620000000000001,-0.046682269769998674
8.624,-0.09562920442975767
8.628,-0.15397800236110176
8.632,-0.08079663343307247
8.636000000000001,-0.14164099635320854
8.64,-0.16597415955648048
8.644,0.00793812969588635
8.648,-0.23775888606911216
8.652000000000001,-0.022272547586804633
8.656,-0.1266797975234523
8.66,-0.15946151081223545
8.664,-0.0027210047646828717
8.668000000000001,0.11180018541959508
8.672,-0.17396788266816043
8.676,-0.2080722609897243
8.68,0.021460069123089905
8.684000000000001,-0.008574307902984262
8.688,0.08332205987905075
8.692,-0.07804571835469928
8.696,-0.17152649950272095
8.700000000000001,-0.03347750293635448
8.704,0.09242302956923454
8.708,-0.13249750914354402
8.712,0.08007613228895145
8.716,-0.030239251109796264
8.72,0.06288952644980597
8.724,0.0274288273111713
8.728,-0.07121469655730561
8.732,0.08141964456021956
8.736,0.1578708966882948
8.74,-0.06346204155568089
8.744,0.1635493341411777
8.748,-0.012400581434162446
8.752,0.08354305499207694
8.756,-0.08444743820790418
8.76,-0.03351457904550076
8.764,-0.0432967659260265
8.768,0.052523985938926446
8.772,0.0526725766887034
8.776,-0.15948443259225664
8.78,-0.12647899074725677
8.784,-0.020763821594050706
8.788,0.012739851416717511
8.792,-0.06754991143970951
8.796,-0.046019763831981766
8.8,0.0029417787669985124
8.804,-0.06567615628911375
8.808,0.10766136964011158
8.812,-0.07392192202524946
8.816,-0.09196248559965675
8.82,-0.031033957629162043
8.824,-0.06418610910725653
8.828,-0.04839520892844194
8.832,-0.14290367902557125
8.836,-0.00017140974006841364
8.84,-0.06266425531419087
8.844,-0.10985819305507416
8.848,-0.07951810944402952
8.852,-0.06538721977851296
8.856,-0.11817143908712932
8.86,-0.2525951591904434
8.864,-0.21660684123307408
8.868,-0.012606144860806204
8.872,-0.005533614770770679
8.876,0.028109357782829525
8.88,0.3140483328414997
8.884,0.6367784614001931
8.888,0.9259676786095051
8.892,0.9899133229009103
8.896,0.8051679474511341
8.9,0.5846501230895225
8.904,0.18948860258075648
8.908,0.22652017328219026
8.912,-0.03365403003688273
8.916,0.00619094454101074
8.92,-0.09789888036419549
8.924,-0.34207755874342316
8.928,-0.23383917222294198
8.932,-0.1093377710263364
8.936,-0.10402783821510656
8.94,0.03773583455460622
8.944,0.03620326375459445
8.948,-0.021340896556699313
8.952,0.001511655783650952
8.956,-0.07807713011436779
8.96,0.05280951376419781
8.964,-0.022405756751940814
8.968,-0.17322342199736557
8.972,0.00938371859909213
8.976,-0.013247850742594654
8.98,0.04356452220352376
8.984,-0.14632735449701217
8.988,-0.1006028650033636
8.992,-0.25285156437735384
8.996,0.07369715611732681
9.0,0.0855700162723395
9.004,-0.08721374298895533
9.008000000000001,-0.020490033559600534
9.012,0.0450258011574782
9.016,0.09433692361905185
9.02,0.02739766004148948
9.024000000000001,-0.06845935773833682
9.028,-0.05992873951463036
9.032,-0.018375380591775042
9.036,-0.030738960573298814
9.040000000000001,-0.08325292351408106
9.044,-0.05046939587981624
9.048,0.039266772289114044
9.052,0.01595457387310857
9.056000000000001,0.04402306027363807
9.06,-0.19492531789684206
9.064,-0.017745592867907684
9.068,0.1619532944204024
9.072000000000001,0.1591071674682933
9.076,0.06559028564544146
9.08,-0.047866431976856305
9.084,0.11745417495177832
9.088000000000001,0.2030190339194122
9.092,0.13720124197253936
9.096,0.04607557268619898
9.1,0.07146589730872785
9.104000000000001,0.058177491844852616
9.108,0.05666542276466033
9.112,-0.010344682893757645
9.116,0.20048007787507957
9.120000000000001,0.19661205749031477
9.124,0.19988246305538043
9.128,0.19199931655637378
9.132,0.1381690909903434
9.136000000000001,0.17672952738811804
9.14,0.19667932178240555
9.144,0.13942036294922444
9.148,0.18822686064519503
9.152000000000001,0.24727407113971842
9.156,0.23668329384028003
9.16,0.02163272582578682
9.164,0.26913285011464044
9.168000000000001,0.4557810132237802
9.172,0.24966314713309734
9.176,0.22467903399641118
9.18,0.23140798401116852
9.184000000000001,0.15580032470558292
9.188,0.23745624291511958
9.192,0.1295714966780895
9.196,0.3210321515452343
9.200000000000001,0.363385215422942
9.204,0.10382192728730474
9.208,0.3310769608576016
9.212,0.01747782912522218
9.216000000000001,0.21782502198961617
9.22,0.15172842594732056
9.224,0.20904832727974498
9.228,0.1242147737285092
9.232,0.11268670107081882
9.236,0.20216496403804038
9.24,0.04442073906532453
9.244,0.074058678192709
9.248,0.1212412026493919
9.252,0.10498612554293535
9.256,-0.014388036354835994
9.26,0.1186530777054973
9.264,0.11328289528492287
9.268,-0.027298011445386627
9.272,0.239753620836093
9.276,-0.06315999932859459
9.28,-0.008260526083716357
9.284,0.007718732214538844
9.288,0.07972477958864888
9.292,0.26543615045876434
9.296,0.1111730640738045
9.3,0.00532024295411989
9.304,0.1556848675603557
9.308,0.013074789907106654
9.312,0.10842412364425126
9.316,0.10036326047705393
9.32,0.14393241419594038
9.324,-0.04736048807510893
9.328,0.0263158708736779
9.332,0.08481369521745162
9.336,-0.03709114190690613
9.34,0.16912834100466212
9.344,0.02152131952111532
9.348,0.011740628868091681
9.352,0.029298771541692005
9.356,-0.03878680800432306
9.36,-0.11224102447045665
9.364,0.09013065661349615
9.368,-0.03874667502857067
9.372,-0.17010620303608026
9.376,0.09737549983645447
9.38,-0.009229144199782838
9.384,0.16390719437840745
9.388,0.14416853328224266
9.392,0.10798217326967575
9.396,0.0655697890385284
9.4,0.13654433447100228
9.404,0.10976666203010399
9.408,-0.02810120097409175
9.412,-0.03702258583001435
9.416,0.16979225371733098
9.42,0.2843815448828279
9.424,0.197988742940579
9.428,0.12460099811542594
9.432,0.2728881257851278
9.436,0.2829622469665758
9.44,0.08586007917566618
9.444,0.288092865623415
9.448,0.17066064626224675
9.452,0.12926589120939933
9.456,0.2354090841880052
9.46,0.15425463336955048
9.464,-0.007292499663495933
9.468,0.1789231161911124
9.472,0.2855262248748087
9.476,0.06058578437332188
9.48,0.07959270696595808
9.484,-0.009402887852816427
9.488,0.11701239779400416
9.492,0.033402110404256044
9.496,0.06558545785905827
9.5,0.18505399937735034
9.504,0.10375141267364861
9.508000000000001,0.09258109044506023
9.512,-0.0595179577188282
9.516,0.06915180085546709
9.52,0.08099841947837039
9.524000000000001,0.1395347625144992
9.528,0.049951250317510035
9.532,-0.061127161458747865
9.536,0.3143210379852482
9.540000000000001,0.1471846170904496
9.544,-0.13981296633441134
9.548,0.06448383833760253
9.552,0.09107215610890491
9.556000000000001,0.0413566188209507
9.56,-0.13303109678125377
9.564,0.023938459445401447
9.568,0.035061825515123886
9.572000000000001,0.2644940888520795
9.576,0.07133652789004338
9.58,0.09677828220930115
9.584,0.03257204510705342
9.588000000000001,-0.007414143632775427
9.592,0.17723074283246174
9.596,0.13003773767082458
9.6,-0.010721373366117962
9.604000000000001,-0.008630880300304525
9.608,-0.004585799367132971
9.612,-0.11969975638453609
9.616,-0.056422943397618844
9.620000000000001,-0.1490493426422694
9.624,0.18529904807836856
9.628,0.17565148391406382
9.632,0.5727087336719403
9.636000000000001,0.7720787882577127
9.64,1.2382685302498975
9.644,1.1088473526537113
9.648,0.9924618236797141
9.652000000000001,0.7531914130645188
9.656,0.3987582961132484
9.66,0.21704644223758546
9.664,-0.001509679009071195
9.668000000000001,0.004114199463570285
9.672,0.0966778365448548
9.676,-0.10244715942926086
9.68,-0.14305228849160964
9.684000000000001,0.183270253392147
9.688,0.18047112462504916
9.692,0.09780243318944407
9.696,-0.1053988317812804
9.700000000000001,0.08373800679266936
9.704,0.13374820803948145
9.708,0.1331794676154533
9.712,0.03427856256802358
9.716000000000001,0.14924375878899704
9.72,0.1464320776912797
9.724,-0.06449614220845304
9.728,-0.15699729723029704
9.732,0.05227590310571831
9.736,0.1218186988009824
9.74,0.13260075976259106
9.744,0.1289935737428205
9.748,0.21506263223219213
9.752,0.13500857879395323
9.756,0.17349552642165056
9.76,0.27522399505946327
9.764,0.0031725744538950856
9.768,0.14937968962238285
9.772,0.18261739797061127
9.776,0.22036736194536702
9.78,0.04217823337950676
9.784,0.13280298885224628
9.788,0.0693235703833621
9.792,0.20483692097989414
9.796,0.21128673462783643
9.8,0.1967675811232362
9.804,0.24346948380708358
9.808,0.1857817221870229
9.812,0.09940384920920083
9.816,-0.01492709685468993
9.82,0.07088808592682613
9.824,0.11348326907743075
9.828,0.14371106481520687
9.832,0.08724044022079194
9.836,0.26314238628091413
9.84,0.36807390653258054
9.844,0.1887801040998363
9.848,0.1510793756404153
9.852,0.13664957858388047
9.856,0.2779234884880549
9.86,0.1681744028706993
9.864,0.27892882410772185
9.868,0.12474247090271004
9.872,0.02930422777426689
9.876,0.28652935377015554
9.88,0.42506890313061874
9.884,0.27597480563452
9.888,0.3596820480992571
9.892,0.28416225530583333
9.896,0.21107610057835702
9.9,0.40840397750243673
9.904,0.4749334608258673
9.908,0.2727051028620506
9.912,0.32818124555751754
9.916,0.2523239703271523
9.92,0.31089685528863387
9.924,0.4576469602125097
9.928,0.3773723609909646
9.932,0.3076873433312287
9.936,0.2577755783398519
9.94,0.30940375109811064
9.944,0.03916715619477168
9.948,0.2724906552286436
9.952,0.29777980162662254
9.956,0.14774100722528144
9.96,0.23099166764249457
9.964,0.08884851102048699
9.968,0.31591698576035454
9.972,0.28312847628400056
9.976,0.2763595084887861
9.98,0.2715342355649099
9.984,0.13655859373578963
9.988,0.021514447971061307
9.992,0.13013759395470056
9.996,0.07485221788969375
10.0,0.11809002228874795
10.004,0.21667057745430038
10.008000000000001,0.18692822631174935
10.012,0.11054799016855536
10.016,0.2332778712578222
10.02,0.29303971571895143
10.024000000000001,0.020403376496900022
10.028,0.26020519498708095
10.032,0.022363615146621232
10.036,0.13176103937151895
10.040000000000001,0.13170419296933197
10.044,0.04932119894093609
10.048,0.060749186603106825
10.052,0.2504916032977935
10.056000000000001,0.1176044169485714
10.06,0.2013100837391169
10.064,0.102060031497039
10.068,0.09141594788302611
10.072000000000001,0.03027625506425924
10.076,0.14683071271033946
10.08,0.06784581981693609
10.084,0.09590425173987724
10.088000000000001,0.13679245016146302
10.092,0.10521378721063399
10.096,0.10348996530855332
10.1,0.05665185004807001
10.104000000000001,0.048832016552777704
10.108,0.1155880295005696
10.112,0.07421362103720319
10.116,0.03876011917169131
10.120000000000001,0.27936470952790077
10.124,0.2808670181412367
10.128,0.18322379927579974
10.132,0.18606026159421413
10.136000000000001,0.42592892780709735
10.14,0.2002696218567075
10.144,0.1846907903073261
10.148,0.14662366089226872
10.152000000000001,0.37309881090904096
10.156,0.23186498512358558
10.16,0.1964598743649287
10.164,0.21200159160101512
10.168000000000001,0.1847476045638422
10.172,0.2974932301418798
10.176,0.16515791840691962
10.18,0.2246025344115023
10.184000000000001,0.23806845653452322
10.188,0.15880411490717772
10.192,0.059623566456952534
10.196,0.07104137453025383
10.200000000000001,0.21286799926415695
10.204,-0.03254286938477591
10.208,0.09760698432178375
10.212,0.2754027311781228
10.216000000000001,0.23674550424808924
10.22,0.20636848771765998
10.224,0.3144877363761518
10.228,0.3443127645953756
10.232000000000001,0.17439043470491955
10.236,0.2185378528778583
10.24,0.03792496997175723
10.244,0.20402975869928744
10.248,0.06627369840565459
10.252,0.08856927082197852
10.256,0.05499803564240893
10.26,0.09988860007563483
10.264,0.30291093906530636
10.268,0.03414737170852604
10.272,0.2770154406484191
10.276,0.03777155718284633
10.28,0.19869524035870353
10.284,0.21041757827151197
10.288,0.28218036363450094
10.292,0.20190501256771498
10.296,0.09554436627475
10.3,0.32433114769761884
10.304,0.16288853770651718
10.308,0.07410555478430936
10.312,0.10793368484171524
10.316,0.10361731494184513
10.32,0.15317987694540802
10.324,0.35091015292158695
10.328,0.33241646277859993
10.332,0.7903284722993816
10.336,0.9891224980430312
10.34,1.0953207769456528
10.344,1.1213353466759024
10.348,0.7150472318573722
10.352,0.812011462694596
10.356,0.299896560462536
10.36,0.21798609038197303
10.364,-0.0016924829719191618
10.368,0.033126514403335985
10.372,0.036834652455986355
10.376,-0.153951321157992
10.38,-0.13489706452645028
10.384,0.11186011381702522
10.388,0.22299440515459154
10.392,0.050387873398774
10.396,0.17429895514920113
10.4,0.16352708118819045
10.404,0.10057602998591804
10.408,0.04513214904024225
10.412,0.20336172206856512
10.416,0.1558723645597444
10.42,0.17226613378848477
10.424,0.15913333998448173
10.428,0.057288628008148004
10.432,-0.14484795779208332
10.436,-0.08030175278635934
10.44,0.27649386415224186
10.444,0.07045893899013587
10.448,0.07495924883502227
10.452,0.13857272820502092
10.456,0.053794216247287835
10.46,0.1365240909966526
10.464,0.1231984580148168
10.468,0.3340796272874881
10.472,0.10888026137789276
10.476,0.06213222138744535
10.48,0.04853258227308891
10.484,0.14496259864465058
10.488,0.3896501452234527
10.492,0.1632316755571827
10.496,0.12481566663954619
10.5,0.26621942255423714
10.504,0.3006877094198248
10.508000000000001,0.035391224741572136
10.512,0.04889037035691436
10.516,0.16183456710771596
10.52,0.20625657327424585
10.524000000000001,0.2058081867347196
10.528,0.24488241072493022
10.532,0.03434732970296922
10.536,0.22746962013279975
10.540000000000001,0.16728938880883387
10.544,0.23385935114383333
10.548,0.20542149727296305
10.552,0.1969216541892732
10.556000000000001,0.36156776673605895
10.56,0.2021674701735998
10.564,0.22046365333420687
10.568,0.2590197909426736
10.572000000000001,0.07994400570551272
10.576,0.2747318225012257
10.58,0.25401686398706075
10.584,0.4553619879083809
10.588000000000001,0.15427168748310974
10.592,0.2517165228118875
10.596,0.48311086330299097
10.6,0.203775254328762
10.604000000000001,0.372567345808663
10.608,0.3761704618254017
10.612,0.2081847458320447
10.616,0.24354722613746488
10.620000000000001,0.29627483117427056
10.624,0.34702183223172245
10.628,0.30870857020751646
10.632,0.33501119328986967
10.636000000000001,0.4083392944364327
10.64,0.3282863866197193
10.644,0.02537353817214577
10.648,0.2281834852262535
10.652000000000001,0.29494327944660637
10.656,0.16887296864252072
10.66,0.28930873785068195
10.664,0.0718172268976397
10.668000000000001,0.15360332890925565
10.672,0.17602196871698367
10.676,0.12217108811713559
10.68,0.0576115160103431
10.684000000000001,0.12006345292941036
10.688,0.0932527302434015
10.692,0.08089933405151746
10.696,-0.06274358540157157
10.700000000000001,0.0369547371317656
10.704,0.20398086528060164
10.708,0.2121653359595401
10.712,0.18346775417410338
10.716000000000001,0.03044470122309896
10.72,0.11969949339148737
10.724,0.2816886937248405
10.728,0.11515000290533994
10.732000000000001,0.2592660116060519
10.736,0.28511004040042087
10.74,0.14179657061256246
10.744,-0.045187440150970676
10.748000000000001,0.12578726133375523
10.752,0.19440316656305467
10.756,-0.009067231537312273
10.76,0.04823018358825602
10.764,0.0955737708909136
10.768,0.09462038408141778
10.772,0.3252256053844648
10.776,0.060266990675198355
10.78,0.1027729068016662
10.784,0.05966810529386374
10.788,0.20406994289102443
10.792,0.03351095221005276
10.796,0.117902783549583
10.8,0.19102858124278999
10.804,0.2297479529103429
10.808,0.1748407802599542
10.812,0.06120479440757386
10.816,0.06845439589165682
10.82,0.028829446189173866
10.824,0.02336715221060663
10.828,-0.059733863962478206
10.832,0.04833132515347264
10.836,0.08901083754606282
10.84,0.13564850561721722
10.844,0.06559692339471976
10.848,-0.2130928712409802
10.852,-0.029745639863430318
10.856,0.12694678450762595
10.86,-0.017232170543963574
10.864,0.11473986988496707
10.868,0.10259488285263052
10.872,0.016394035010593708
10.876,0.09142444142508367
10.88,0.037646215773637366
10.884,-0.015518535982603762
10.888,0.15031009292856076
10.892,0.2911172362034929
10.896,0.16817056267852745
10.9,0.0712461831033843
10.904,0.22896155167070775
10.908,0.1246680730377887
10.912,0.0914449878116601
10.916,0.17829281673374164
10.92,0.12265110305694346
10.924,0.07994778508068023
10.928,-0.02055761582484772
10.932,0.1604394633936796
10.936,0.24740635106702757
10.94,0.13907676882653092
10.944,0.21198077270015472
10.948,0.04789956815085607
10.952,0.19385066633625167
10.956,0.046867938591210634
10.96,0.07801053542866426
10.964,0.0801999841764981
10.968,0.0080712278378645
10.972,-0.004817981003548286
10.976,0.025277602630297
10.98,0.03475463284242293
10.984,-0.020259683776443424
10.988,-0.013757875764748295
10.992,-0.16374493861794298
10.996,0.027089598378699804
11.0,0.13810916306152332
11.004,0.08453591892944562
11.008000000000001,0.009402343406898113
11.012,0.05147460858713106
11.016,0.1319853477107936
11.02,-0.08285140488635225
11.024000000000001,0.1821304264528297
11.028,-0.015699135731817714
11.032,0.16008104869634307
11.036,-0.0964083984428567
11.040000000000001,0.02435686745034725
11.044,0.0016168088318935167
11.048,-0.04410434890933105
11.052,0.0001803414010878024
11.056000000000001,0.0017136026111383429
11.06,0.06955571753104231
11.064,-0.07278392817487483
11.068,-0.015606499656304666
11.072000000000001,0.041540922631694496
11.076,0.02466075984896575
11.08,-0.137376360545517
11.084,0.1589623580141965
11.088000000000001,-0.043529069865829516
11.092,0.148111556036439
11.096,-0.23207223875342178
11.1,0.06904504717641677
11.104000000000001,0.20671350585872872
11.108,0.47650613802355757
11.112,0.6833791406011281
11.116,0.8246195242815151
11.120000000000001,0.9136568779307812
11.124,1.240162369479593
11.128,0.8321287093037836
11.132,0.5703850321879886
11.136000000000001,0.3884213990284921
11.14,0.018125398017322852
11.144,-0.033186349426094004
11.148,-0.16994435289228688
11.152000000000001,-0.167927605261479
11.156,-0.18690980100387894
11.16,-0.08927461882716517
11.164,0.006183695512977955
11.168000000000001,-0.051536832930919874
11.172,0.02019746937512521
11.176,0.05132331175621101
11.18,0.15716523460229884
11.184000000000001,-0.04402236769071192
11.188,-0.057333395378024496
11.192,0.0016880957019883708
11.196,-0.04329738570328528
11.200000000000001,-0.14527490621756584
11.204,0.1547021668755142
11.208,0.022010729231771067
11.212,-0.03750580726989549
11.216000000000001,-0.05601527304779454
11.22,0.007431297537432317
11.224,-0.18651897537775666
11.228,0.05662050545428582
11.232000000000001,-0.062293806680239115
11.236,-0.012533574148388467
11.24,-0.006702348966612759
11.244,0.11840683795261381
11.248000000000001,-0.022097484717649878
11.252,0.18102784884429896
11.256,0.229433386876622
11.26,0.005884545908852041
11.264,0.11982749222271596
11.268,0.022332099463929528
11.272,-0.015126562899206247
11.276,0.18438910082814788
11.28,0.03508199611606715
11.284,0.07388675543156045
11.288,0.0040622369911450865
11.292,0.18729562160031335
11.296,-0.10391872499115833
11.3,0.05552516794940384
11.304,0.21894404899470388
11.308,0.09792706599260259
11.312,0.10572617681854352
11.316,0.0213777573195333
11.32,0.05936467210079753
11.324,0.1517604669737832
11.328,0.2161993716689017
11.332,0.030109394397584657
11.336,0.11980263146521963
11.34,0.3027338017419182
11.344,0.15907065389747566
11.348,0.2026381265746658
11.352,0.18627532385581416
11.356,0.3855538279212636
11.36,0.23707789186400713
11.364,0.19078845033612524
11.368,0.19471981690379053
11.372,0.22111677876047434
11.376,0.33786383981159995
11.38,0.26195306203658386
11.384,0.25983216208493093
11.388,0.2616020958746189
11.392,0.019552641640189578
11.396,0.2705084536745261
11.4,0.13087816741150232
11.404,0.33278590186011153
11.408,0.257865149792544
11.412,0.09435020225664081
11.416,0.2222633050023683
11.42,0.18856060355218066
11.424,0.06215892641616613
11.428,0.27618070615265894
11.432,0.055946302092574444
11.436,0.031466140141461554
11.44,0.11828094250654522
11.444,0.15223575280028395
11.448,0.04466195033425499
11.452,0.13974869892143743
11.456,0.07199400500430257
11.46,-0.0009181665186431681
11.464,-0.06387515963325127
11.468,-0.07610289735720242
11.472,0.1025205700540755
11.476,0.054038937395743114
11.48,-0.020746335628236454
11.484,-0.08791289421604245
11.488,0.004470919291139578
11.492,0.06092902278087334
11.496,-0.05518855293960995
11.5,-0.06770711812152651
11.504,-0.0009562830425629476
11.508000000000001,-0.3271841114014733
11.512,-0.15827204215105703
11.516,-0.01920082734650779
11.52,-0.12975385701259845
11.524000000000001,-0.07358950084039229
11.528,0.006527076675635603
11.532,-0.11660429389377594
11.536,0.027573271869988904
11.540000000000001,-0.15004919038139672
11.544,-0.04989279599523254
11.548,0.024450223572104406
11.552,-0.11650119579314523
11.556000000000001,0.0402973540919441
11.56,0.17094376519918583
11.564,0.031480230090541315
11.568,-0.1365602268041594
11.572000000000001,0.07596272438696479
11.576,-0.18545568397408976
11.58,-0.14817964193852617
11.584,-0.11636007814974661
11.588000000000001,0.04176119569170983
11.592,-0.08563040043459583
11.596,-0.12748487940803363
11.6,-0.07666829794407384
11.604000000000001,-0.09674788635045611
11.608,-0.0030932895467394306
11.612,-0.09643077111540618
11.616,-0.1555228079408716
11.620000000000001,-0.11405295933426002
11.624,0.023751360563601817
11.628,-0.057125764250710795
11.632,-0.18539105259967018
11.636000000000001,-0.11335580796260492
11.64,-0.06406915875630975
11.644,-0.16726270006399854
11.648,-0.11133562493576704
11.652000000000001,-0.15568879636456864
11.656,0.11127747346375967
11.66,0.10505494690382569
11.664,-0.03689263383515684
11.668000000000001,0.16397862166718447
11.672,-0.14721963002114904
11.676,0.04348323009288523
11.68,-0.0745487791051039
11.684000000000001,-0.11124997351209603
11.688,-0.044882604092470794
11.692,-0.11616057802996882
11.696,-0.12539389154896163
11.700000000000001,-0.23556215670848674
11.704,-0.2007803612641514
11.708,-0.09160974179688322
11.712,-0.06046673606706154
11.716000000000001,0.06863808544086812
11.72,-0.08166751920957283
11.724,-0.0914724036908736
11.728,-0.1309338734381295
11.732000000000001,-0.19516250104396254
11.736,-0.15545345370643887
11.74,0.07562726782406876
11.744,-0.0181533414090347
11.748000000000001,-0.06646494383293129
11.752,-0.27932433429052483
11.756,-0.07144836676186551
11.76,-0.15375251577293492
11.764000000000001,-0.30051482405843216
11.768,-0.07212783440319007
11.772,-0.12510480569926563
11.776,-0.16487354512571528
11.78,-0.07675661114082319
11.784,-0.18230991555836326
11.788,-0.0767341733092283
11.792,-0.13289591328277855
11.796,-0.17174114537698404
11.8,-0.17958376202025125
11.804,-0.05412297833089486
11.808,-0.125694241591306
11.812,-0.05714959554086506
11.816,-0.12204210934220704
11.82,0.11138547999748448
11.824,-0.09827518181007729
11.828,-0.08908556189770062
11.832,-0.03323004862807766
11.836,-0.038605303135647015
11.84,-0.022231873753509643
11.844,-0.07007997947972665
11.848,-0.06907912083619562
11.852,-0.20064513090858213
11.856,0.050603078120067674
11.86,0.008295556793534747
11.864,-0.14518736414756025
11.868,-0.018511816693602655
11.872,-0.022867418693045385
11.876,-0.0796351320891256
11.88,-0.0712826646495289
11.884,-0.051723753470623815
11.888,-0.012945740381492793
11.892,-0.08524791520008267
11.896,-0.053496093420748764
11.9,-0.06474510391873581
11.904,-0.09854190670718282
11.908,-0.1192596587716919
11.912,-0.16222646416322822
11.916,-0.24709731442684524
11.92,0.02452668836407919
11.924,-0.057300364989511736
11.928,0.010689585776748792
11.932,-0.1261184932148874
11.936,-0.06713239370079202
11.94,-0.14144643625365455
11.944,-0.07768132364597906
11.948,-0.31105742032897743
11.952,-0.0410770311028039
11.956,-0.1349409597106694
11.96,-0.011622730872050971
11.964,-0.10021853333153562
11.968,-0.049445391320488696
11.972,-0.04061054631217204
11.976,-0.24029696037633458
11.98,0.14223480088279847
11.984,-0.16628435347239795
11.988,0.01497360913026402
11.992,0.001817543305891789
11.996,-0.0627114077313229
